Actividad,Ciudad,Departamento,Direccion,Link,Nombre_Empresa,Tema_Busqueda,telefono
Comercio al por mayor de materiales de construccion articulos de ferreteria pinturas productos de vidrio equipo y materiales de fontaneria y calefaccion,MEDELLIN,ANTIOQUIA,CALLE 19 A 43 B 41,https://empresite.eleconomistaamerica.co/DESTILADOS-SOLVENTES-SA.html,CACHARRERIA MUNDIAL S A S,TIENDAS-ESPECIALIZADAS-DE-CAFE,(4)2619100
Comercio al por mayor de productos alimenticios,SALGAR,ANTIOQUIA,CALLE 30 28 69,https://empresite.eleconomistaamerica.co/COOPERATIVA-CAFICULTORES-SALGAR.html,COOPERATIVA DE CAFICULTORES DE SALGAR,TIENDAS-ESPECIALIDAD-CAFE,(4)8442029
Comercio al por mayor de productos alimenticios,SALGAR,ANTIOQUIA,CALLE 30 28 69,https://empresite.eleconomistaamerica.co/COOPERATIVA-CAFICULTORES-SALGAR.html,COOPERATIVA DE CAFICULTORES DE SALGAR,ESPECIALIDAD-CAFE,(4)8442029
Actividades de hospitales y clinicas con internacion,BELLO,ANTIOQUIA,AVENIDA 34 51 03,https://empresite.eleconomistaamerica.co/ESPECIALIDADES-MEDICAS-METROPOLITANAS-SA.html,ESPECIALIDADES MEDICAS METROPOLITANAS S A,ESPECIALIDAD-CAFE,(4)4488980
Comercio al por menor de articulos de ferreteria pinturas y productos de vidrio en establecimientos especializados,MEDELLIN,ANTIOQUIA,CALLE 50 55 80,https://empresite.eleconomistaamerica.co/ESPECIALIDADES-ELECTRICAS-MEDELLIN-LTDA.html,ESPECIALIDADES ELECTRICAS DE MEDELLIN LTDA,ESPECIALIDAD-CAFE,(4)2312255
Actividades de la practica medica sin internacion,RIONEGRO,ANTIOQUIA,CARRERA 55 A 35 251 CITY MEDICA,https://empresite.eleconomistaamerica.co/ESPECIALIDADES-MEDICAS-ANTIOQUIA-SAS.html,ESPECIALIDADES MEDICAS DE ANTIOQUIA S A S,ESPECIALIDAD-CAFE,3226442915
Comercio al por menor de articulos de ferreteria pinturas y productos de vidrio en establecimientos especializados,ENVIGADO,ANTIOQUIA,TRANSVERSAL 32 C SUR 32 B 34,https://empresite.eleconomistaamerica.co/ESPECIALIDADES-TECNICAS-INDUSTRIALES-SAS.html,ESPECIALIDADES TECNICAS INDUSTRIALES S A S,ESPECIALIDAD-CAFE,(4)4489778
Fabricacion de productos farmaceuticos sustancias quimicas medicinales y productos botanicos de uso farmaceutico,MEDELLIN,ANTIOQUIA,CARRERA 37 A 2 SUR 104,https://empresite.eleconomistaamerica.co/ESPECIALIDADES-OFTALMOLOGICAS-SA.html,ESPECIALIDADES OFTALMOLOGICAS S A,ESPECIALIDAD-CAFE,(4)4481918
Cultivo de cafe,MEDELLIN,ANTIOQUIA,CARRERA 111 38 18,https://empresite.eleconomistaamerica.co/CAFE-BOU-SAS.html,CAFE BOU S A S,ESPECIALIDAD-CAFE,(4)5701842
Expendio a la mesa de comidas preparadas,MEDELLIN,ANTIOQUIA,CALLE 48 F SUR  40 03,https://empresite.eleconomistaamerica.co/CAFE-ABATE-SAS.html,CAFE EL ABATE S A S,ESPECIALIDAD-CAFE,3127772935
Descafeinado tostion y molienda del cafe,JARDIN,ANTIOQUIA,CARRERA 2 A 3 20,https://empresite.eleconomistaamerica.co/CAFE-JARDIN-SAS.html,CAFE DE JARDIN S A S,ESPECIALIDAD-CAFE,(4)8455767
Expendio de comidas preparadas en cafeterias,JERICO,ANTIOQUIA,CALLE 7 4 14,https://empresite.eleconomistaamerica.co/CAFE-LAURA-SAS.html,CAFE DE LAURA SAS,ESPECIALIDAD-CAFE,3003750812
Cultivo de cafe,MEDELLIN,ANTIOQUIA,CARRERA 43 A 1 SUR 188 OF906,https://empresite.eleconomistaamerica.co/CAFE-BOTON-LTDA.html,CAFE EL BOTON S A S,ESPECIALIDAD-CAFE,(4)2681601
Descafeinado tostion y molienda del cafe,CIUDAD BOLIVAR,ANTIOQUIA,CARRERA 50 52 06,https://empresite.eleconomistaamerica.co/CAFEEXCOL-SAS.html,CAFEEXCOL S A S,ESPECIALIDAD-CAFE,3154823650
Comercio al por mayor de productos alimenticios,MEDELLIN,ANTIOQUIA,CALLE 7 80 75 INTERIOR,https://empresite.eleconomistaamerica.co/CAFETALERO-SAS.html,CAFETALERO S A S,ESPECIALIDAD-CAFE,3218316377
Comercio al por menor de otros productos alimenticios n c p en establecimientos especializados,MEDELLIN,ANTIOQUIA,CARRERA 64 D 75 05,https://empresite.eleconomistaamerica.co/CAFE-PRAGA-SAS.html,CAFE PRAGA S A S,ESPECIALIDAD-CAFE,3183374686
Trilla de cafe,CAICEDO,ANTIOQUIA,CALLE 4 4 07,https://empresite.eleconomistaamerica.co/CAFE-MONTANA-SAS.html,CAFE LA MONTANA S A S,ESPECIALIDAD-CAFE,3147482358
Actividades inmobiliarias realizadas con bienes propios o arrendados,MEDELLIN,ANTIOQUIA,CALLE 5 A 33 06 CASA 5,https://empresite.eleconomistaamerica.co/CAFE-MANILA-SAS.html,CAFE MANILA S A S,ESPECIALIDAD-CAFE,(4)4132825
Expendio a la mesa de comidas preparadas,SABANETA,ANTIOQUIA,CALLE 69 SUR 45 27,https://empresite.eleconomistaamerica.co/CAFE-MORENO-SAS.html,CAFE MORENO S A S,ESPECIALIDAD-CAFE,(4)5993838
Actividades de administracion empresarial,MEDELLIN,ANTIOQUIA,CALLE 5 A 35 86 APTO 701,https://empresite.eleconomistaamerica.co/CAFERSA-SAS.html,CAFERSA S A S,ESPECIALIDAD-CAFE,(4)3721313
Expendio a la mesa de comidas preparadas,MEDELLIN,ANTIOQUIA,CARRERA 43 A 6 SUR 15,https://empresite.eleconomistaamerica.co/CAFE-LE-GRIS-SA.html,CAFE LE GRIS S A,ESPECIALIDAD-CAFE,(4)3112445
Comercio al por menor de productos textiles en establecimientos especializados,MEDELLIN,ANTIOQUIA,,https://empresite.eleconomistaamerica.co/CAFE-MODA-LTDA.html,CAFE MODA LTDA,ESPECIALIDAD-CAFE,
Comercio al por menor de prendas de vestir y sus accesorios (incluye articulos de piel) en establecimientos especializados,MEDELLIN,ANTIOQUIA,,https://empresite.eleconomistaamerica.co/CAFE-SPORT-LTDA.html,CAFE SPORT LTDA,ESPECIALIDAD-CAFE,
Expendio a la mesa de comidas preparadas,MEDELLIN,ANTIOQUIA,CARRERA 39 8 100,https://empresite.eleconomistaamerica.co/CAFE-ORLEANS-SA.html,CAFE ORLEANS S A,ESPECIALIDAD-CAFE,(4)3520268
Comercio al por mayor de materias primas agropecuarias animales vivos,MEDELLIN,ANTIOQUIA,CALLE 9 43A 31 OF 213,https://empresite.eleconomistaamerica.co/CAFECREMA-EU.html,CAFECREMA E U EN LIQUIDACION,ESPECIALIDAD-CAFE,(4)3521388
Expendio de comidas preparadas en cafeterias,MEDELLIN,ANTIOQUIA,CARRERA 66 48 B 07,https://empresite.eleconomistaamerica.co/CAFE-NOVA-LTDA.html,CAFE NOVA LTDA,ESPECIALIDAD-CAFE,(4)2306953
Actividades posteriores a la cosecha,BARBOSA,ANTIOQUIA,FINCA LAS DELICIAS VEREDA LA CHORRERA,https://empresite.eleconomistaamerica.co/CAFE-TALEGA-SAS.html,CAFE LA TALEGA S A S,ESPECIALIDAD-CAFE,3218308505
Comercio al por mayor de materias primas agropecuarias animales vivos,FREDONIA,ANTIOQUIA,VEREDA LA TOSCANA,https://empresite.eleconomistaamerica.co/CAFE-CIMA-SAS.html,CAFE DE LA CIMA S A S,ESPECIALIDAD-CAFE,(4)8422106
Comercio al por mayor de productos quimicos basicos cauchos y plasticos en formas primarias y productos quimicos de uso agropecuario,JERICO,ANTIOQUIA,CARRERA 5 8 22,https://empresite.eleconomistaamerica.co/CAFEAGRO-SAS.html,CAFEAGRO S A S,ESPECIALIDAD-CAFE,(4)8523523
Actividades de arquitectura e ingenieria y otras actividades conexas de consultoria tecnica,MEDELLIN,ANTIOQUIA,CARRERA 43 A 1 A SUR 143,https://empresite.eleconomistaamerica.co/ORGANIZACION-INGENIERIA-INTERNACIONAL-SA.html,ODINSA S A,ESPECIALIDAD-CAFE,(4)3158400
Comercio al por menor de articulos de segunda mano,MEDELLIN,ANTIOQUIA,CARRERA 43 C 9 46,https://empresite.eleconomistaamerica.co/CAFE-ANTICUARIA-LTDA.html,CAFE DE LA ANTICUARIA LTDA,ESPECIALIDAD-CAFE,(4)2689991
Expendio por autoservicio de comidas preparadas,MEDELLIN,ANTIOQUIA,CARRERA 52 43 39,https://empresite.eleconomistaamerica.co/CAFE-ESTACION-LTDA.html,CAFE DE LA ESTACION LTDA,ESPECIALIDAD-CAFE,(4)2510187
Comercio al por mayor de productos alimenticios,MEDELLIN,ANTIOQUIA,CALLE 49 50 21 OF 1904,https://empresite.eleconomistaamerica.co/CAFE-FRONTERAS-SAS.html,CAFE SIN FRONTERAS S A S,ESPECIALIDAD-CAFE,(4)5127169
Expendio de comidas preparadas en cafeterias,MEDELLIN,ANTIOQUIA,CALLE 45 53 50 CENTRO CO,https://empresite.eleconomistaamerica.co/CAFE-YERBABUENA-SAS.html,CAFE YERBABUENA S A S,ESPECIALIDAD-CAFE,3017548271
Expendio a la mesa de comidas preparadas,MEDELLIN,ANTIOQUIA,CARRERA 43 A 12 40,https://empresite.eleconomistaamerica.co/CAFES-CREPES-LTDA.html,CAFES Y CREPES LTDA,ESPECIALIDAD-CAFE,(4)2666638
Comercio al por mayor de materias primas agropecuarias animales vivos,MEDELLIN,ANTIOQUIA,CARRERA 35 7 114,https://empresite.eleconomistaamerica.co/CAFE-MI-FINCA-LTDA.html,CAFE DE MI FINCA LTDA,ESPECIALIDAD-CAFE,(4)3117232
Comercio al por mayor de materias primas agropecuarias animales vivos,MEDELLIN,ANTIOQUIA,CARRERA 76 34A 29,https://empresite.eleconomistaamerica.co/CAFE-MONTANA-LTDA.html,CAFE DE LA MONTANA LTDA,ESPECIALIDAD-CAFE,(4)4129741
Comercio al por mayor de productos alimenticios,ENVIGADO,ANTIOQUIA,CARRERA 42 B 23 A SUR 77 AP 102,https://empresite.eleconomistaamerica.co/CAFE-LACOROLA-SAS.html,CAFE LACOROLA S A S,ESPECIALIDAD-CAFE,3017440455
Comercio al por mayor de materias primas agropecuarias animales vivos,BETANIA,ANTIOQUIA,CALLE 20 20 30,https://empresite.eleconomistaamerica.co/CAFE-CORDILLERAS-SAS.html,CAFE DE LAS CORDILLERAS S A S,ESPECIALIDAD-CAFE,(4)8435241
Descafeinado tostion y molienda del cafe,MEDELLIN,ANTIOQUIA,CALLE 44 77 85 AP 201,https://empresite.eleconomistaamerica.co/CAFE-ARAGONES-SAS.html,CAFE ARAGONES S A S,ESPECIALIDAD-CAFE,3105942021
Expendio de comidas preparadas en cafeterias,MEDELLIN,ANTIOQUIA,CARRERA 48 C 16 A SUR 50 APT,https://empresite.eleconomistaamerica.co/CAFE-ESPRESSION-SAS.html,CAFE ESPRESSION S A S,ESPECIALIDAD-CAFE,(4)5061934
Cultivo de cafe,MEDELLIN,ANTIOQUIA,CALLE 45 D 71 70 PISO 3,https://empresite.eleconomistaamerica.co/CAFE-DINAMARKA-SAS.html,CAFE DINAMARKA S A S,ESPECIALIDAD-CAFE,
Expendio de comidas preparadas en cafeterias,MEDELLIN,ANTIOQUIA,CALLE 49 53 79,https://empresite.eleconomistaamerica.co/CAFE-JUANCHOS-LTDA.html,CAFE JUANCHOS LTDA,ESPECIALIDAD-CAFE,(4)5135885
Comercio al por mayor de otros tipos de maquinaria y equipo n c p,MEDELLIN,ANTIOQUIA,CALLE 49 B 77 B 86,https://empresite.eleconomistaamerica.co/CAFE-VENETTO-LTDA.html,CAFE VENETTO LTDA,ESPECIALIDAD-CAFE,(4)5132060
Expendio de bebidas alcoholicas para el consumo dentro del establecimiento,SABANETA,ANTIOQUIA,CALLE 70 SUR 44 25,https://empresite.eleconomistaamerica.co/CAFE-SITIO-VIEJO-SAS.html,CAFE SITIO VIEJO S A S,ESPECIALIDAD-CAFE,3117462953
Expendio de bebidas alcoholicas para el consumo dentro del establecimiento,COPACABANA,ANTIOQUIA,CALLE 49 56 50,https://empresite.eleconomistaamerica.co/CAFE-NIGHT-BAR-VIP-EU.html,CAFE NIGHT BAR VIP E U EN LIQUIDACION,ESPECIALIDAD-CAFE,(4)4203568
Comercio al por mayor de productos alimenticios,ENVIGADO,ANTIOQUIA,CALLE 21 SUR 41 117 IN 420,https://empresite.eleconomistaamerica.co/CAFE-CASTILLO-SANTANA-SAS.html,CAFE CASTILLO DE SANTANA S A S,ESPECIALIDAD-CAFE,(4)3344148
Descafeinado tostion y molienda del cafe,BELLO,ANTIOQUIA,CARRERA 57 A 23 A 03,https://empresite.eleconomistaamerica.co/CAFE-MI-PUEBLO-BURITICA-SA.html,CAFE DE MI PUEBLO BURITICA S A,ESPECIALIDAD-CAFE,(4)2064583
Comercio al por menor de otros articulos domesticos en establecimientos especializados,MEDELLIN,ANTIOQUIA,CARRERA 48 36 59,https://empresite.eleconomistaamerica.co/CAFETERAS-EUREKA-SSAS.html,CAFETERAS EUREKA S S A S,ESPECIALIDAD-CAFE,(4)2321535
Cultivo de cafe,MEDELLIN,ANTIOQUIA,AUTOPISTA NORTE KM 20,https://empresite.eleconomistaamerica.co/CAFE-VICTORIA-GOLD-SAS.html,CAFE VICTORIA GOLD S A S,ESPECIALIDAD-CAFE,(4)2748082
,MEDELLIN,ANTIOQUIA,CALLE 54 86 A 35,https://empresite.eleconomistaamerica.co/CAFE-TOLIMA-DON-DIEGO-SAS.html,CAFÉ TOLIMA DON DIEGO SAS,ESPECIALIDAD-CAFE,
Comercio al por menor en establecimientos no especializados con surtido compuesto principalmente por alimentos bebidas o tabaco,CONCORDIA,ANTIOQUIA,CARRERA 20 19 61,https://empresite.eleconomistaamerica.co/CAFETERO-CONCORDIA-SAS.html,EL CAFETERO CONCORDIA S A S,ESPECIALIDAD-CAFE,(4)8446528
Catering para eventos,MEDELLIN,ANTIOQUIA,CARRERA 51 B 91 95,https://empresite.eleconomistaamerica.co/CAFE-VAINILLA-GOURMET-SAS.html,CAFE Y VAINILLA GOURMET S A S,ESPECIALIDAD-CAFE,3015318612
Expendio a la mesa de comidas preparadas,MEDELLIN,ANTIOQUIA,CARRERA 46 110 48,https://empresite.eleconomistaamerica.co/CAFE-RESTAURANTE-PARIS-SAS.html,CAFE RESTAURANTE PARIS S A S,ESPECIALIDAD-CAFE,3013206519
Cultivo de cafe,VENECIA,ANTIOQUIA,VEREDA MIRAFLORES FCA BOSQUE ADEN,https://empresite.eleconomistaamerica.co/CAFE-BOSQUE-ADENTRO-SAS.html,CAFE BOSQUE ADENTRO S A S,ESPECIALIDAD-CAFE,3235252503
Expendio de comidas preparadas en cafeterias,MEDELLIN,ANTIOQUIA,CALLE 55 37 08,https://empresite.eleconomistaamerica.co/CAFE-TIME-INTERNATIONAL-SAS.html,CAFE TIME INTERNATIONAL S A S,ESPECIALIDAD-CAFE,3007739168
Comercio al por mayor de materiales de construccion articulos de ferreteria pinturas productos de vidrio equipo y materiales de fontaneria y calefaccion,SAN ROQUE,ANTIOQUIA,CALLE 21 CR 17 41,https://empresite.eleconomistaamerica.co/CAFETAL-SAN-ROQUE-SAS.html,EL CAFETAL SAN ROQUE S A S,ESPECIALIDAD-CAFE,(4)8656101
Comercio al por mayor de productos alimenticios,LA ESTRELLA,ANTIOQUIA,CALLE 91 SUR 55 110,https://empresite.eleconomistaamerica.co/CAFES-ESPECIALES-MONTANA-SAS.html,CAFES ESPECIALES DE MONTANA S A S,ESPECIALIDAD-CAFE,(4)5207220
Otros derivados del cafe,VENECIA,ANTIOQUIA,,https://empresite.eleconomistaamerica.co/CAFE-ARTESANAL-GRACIELA-SAS.html,CAFE ARTESANAL LA GRACIELA S A S,ESPECIALIDAD-CAFE,
Expendio de comidas preparadas en cafeterias,MEDELLIN,ANTIOQUIA,CALLE 73 72 A 20,https://empresite.eleconomistaamerica.co/CAFE-HELADOS-BLUE-SAS.html,CAFE Y HELADOS BLUE S A S,ESPECIALIDAD-CAFE,(4)5035653
Trilla de cafe,CALDAS,ANTIOQUIA,CARRERA 50 110 SUR 210,https://empresite.eleconomistaamerica.co/CAFE-ALMENDRA-SELECTA-SAS.html,CAFE ALMENDRA SELECTA S A S,ESPECIALIDAD-CAFE,(4)2787777
Descafeinado tostion y molienda del cafe,CONCORDIA,ANTIOQUIA,FINCA BELLAVISTA VEREDA SAN LUIS,https://empresite.eleconomistaamerica.co/CAFE-BELLAVISTA-CONCORDIA-SAS.html,CAFE BELLAVISTA CONCORDIA S A S,ESPECIALIDAD-CAFE,3136872181
Actividades inmobiliarias realizadas a cambio de una retribucion o por contrata,ENVIGADO,ANTIOQUIA,CALLE 38 S 43-26,https://empresite.eleconomistaamerica.co/CAFETERIAS-SALSAMENTARIAS-ENVIGADO-LTDA.html,CAFETERIAS Y SALSAMENTARIAS DE ENVIGADO LTDA,ESPECIALIDAD-CAFE,(4)2766042
Expendio de comidas preparadas en cafeterias,MEDELLIN,ANTIOQUIA,CALLE 19 80 77,https://empresite.eleconomistaamerica.co/CAFETERIAS-RESTAURANTES-ESCOLARES-SAS.html,CAFETERIAS Y RESTAURANTES ESCOLARES S A S,ESPECIALIDAD-CAFE,(4)5898297
Comercio al por menor de otros productos alimenticios n c p en establecimientos especializados,ENVIGADO,ANTIOQUIA,CALLE 27 D SUR 27 C 101,https://empresite.eleconomistaamerica.co/CAFE-PRESENTE-INVERSIONES-SAS.html,CAFE PRESENTE INVERSIONES S A S,ESPECIALIDAD-CAFE,(4)6024936
Mantenimiento y reparacion especializado de maquinaria y equipo,RIONEGRO,ANTIOQUIA,CARRERA 48 CL 49 17,https://empresite.eleconomistaamerica.co/CI-ESPECIALIDADES-ELECTRICAS-REFRIGERACION-CIA-LTDA.html,CI ESPECIALIDADES ELECTRICAS Y REFRIGERACION CIA LTDA,ESPECIALIDAD-CAFE,(4)5621512
Actividades veterinarias,ITAGUI,ANTIOQUIA,CALLE 84 A 56 31 P 1,https://empresite.eleconomistaamerica.co/CENTRO-ESPECIALIDADES-VETERINARIAS-DR-VETCARE-SAS.html,CENTRO DE ESPECIALIDADES VETERINARIAS DR VETCARE S A S,ESPECIALIDAD-CAFE,3172362856
Actividades de arquitectura e ingenieria y otras actividades conexas de consultoria tecnica,COPACABANA,ANTIOQUIA,CALLE 43 57AA 76,https://empresite.eleconomistaamerica.co/ESPECTRO-ESPECIALIDAD-ELECTRONICA-COMUNICACIONES-LTDA.html,ESPECTRO ESPECIALIDAD ELECTRONICA Y COMUNICACIONES LTDA,ESPECIALIDAD-CAFE,(4)4011157
Comercio al por mayor de productos quimicos basicos cauchos y plasticos en formas primarias y productos quimicos de uso agropecuario,LA ESTRELLA,ANTIOQUIA,CALLE 78A SUR 52A 70,https://empresite.eleconomistaamerica.co/INGTEC-ESPECIALIDADES-SAS.html,INGTEC ESPECIALIDADES S A S,ESPECIALIDAD-CAFE,(4)2790674
Actividades de desarrollo de sistemas informaticos (planificacion analisis diseño programacion pruebas),MEDELLIN,ANTIOQUIA,CARRERA 37 A 29 56 INT 2207,https://empresite.eleconomistaamerica.co/ALTA-ESPECIALIDAD-SAS.html,ALTA ESPECIALIDAD S A S,ESPECIALIDAD-CAFE,3208858086
Comercio al por mayor no especializado,MEDELLIN,ANTIOQUIA,CARRERA 43 A 15 SUR 15 P 8,https://empresite.eleconomistaamerica.co/AR-COMPA-IA-QUIMICA-ESPECIALIDADES-LTDA.html,C I SOLUCIONES MERCANTILES GLOBALES S A S,ESPECIALIDAD-CAFE,3233940628
Comercio al por mayor no especializado,MEDELLIN,ANTIOQUIA,CARRERA 79 AA 20 A 141,https://empresite.eleconomistaamerica.co/NACIONAL-MERCANTIL-QUIMICOS-ESPECIALIDADES-SAS.html,NACIONAL MERCANTIL DE QUIMICOS Y ESPECIALIDADES S A S,ESPECIALIDAD-CAFE,3017849264
Actividades de la practica medica sin internacion,ENVIGADO,ANTIOQUIA,CALLE 25 SUR 46 220,https://empresite.eleconomistaamerica.co/CENTRO-ESPECIALIDADES-OFTALMOLOGICAS-SA.html,CLINICA DE ESPECIALIDADES OFTALMOLOGICAS S A,ESPECIALIDAD-CAFE,(4)4480408
Fabricacion de otros productos quimicos n c p,ITAGUI,ANTIOQUIA,CARRERA 50 85 73,https://empresite.eleconomistaamerica.co/PRODUCTOS-ESPECIALIDADES-QUIMICAS-LTDA.html,PRODUCTOS Y ESPECIALIDADES QUIMICAS S A S,ESPECIALIDAD-CAFE,3113103086
Actividades de la practica medica sin internacion,MEDELLIN,ANTIOQUIA,CALLE 19 A 44 25 CS 1903,https://empresite.eleconomistaamerica.co/GRUPO-ESPECIALIDADES-MEDICAS-INTERCLINICOS-SAS.html,GRUPO DE ESPECIALIDADES MEDICAS - INTERCLINICOS S A S,ESPECIALIDAD-CAFE,(4)5827083
Descafeinado tostion y molienda del cafe,MEDELLIN,ANTIOQUIA,CARRERA 90 A 44 B 17,https://empresite.eleconomistaamerica.co/ASOCIACION-PRODUCTORES-CAFE-ESPECIAL-CAFESA.html,ASOCIACION DE PRODUCTORES DE CAFE ESPECIAL CAFESA,ESPECIALIDAD-CAFE,(4)2529090
Expendio de comidas preparadas en cafeterias,RIONEGRO,ANTIOQUIA,CALLE 39C CR 69 C 28,https://empresite.eleconomistaamerica.co/CHOCOLATE-TE-CAFE-LTDA.html,CHOCOLATE TE Y CAFE LTDA,ESPECIALIDAD-CAFE,(4)5319867
Cultivo de cafe,CONCORDIA,ANTIOQUIA,CALLE 18 18 46,https://empresite.eleconomistaamerica.co/ASOCIACION-PRODUCTORES-AGROPECUARIOS-CAFES-ALTURA-CONCORDIA-ANTIOQUIA-APRAYCAFES.html,ASOCIACION DE PRODUCTORES AGROPECUARIOS Y CAFES DE ALTURA DE CONCORDIA ANTIOQUIA APRAYCAFES,ESPECIALIDAD-CAFE,3015133793
Comercio al por mayor de materias primas agropecuarias animales vivos,ITAGUI,ANTIOQUIA,CARRERA 42 32 50,https://empresite.eleconomistaamerica.co/COMERCIALIZADORA-AGRICOLA-CAFETERA-COLOMBIA-SAS.html,COMERCIALIZADORA AGRICOLA CAFETERA DE COLOMBIA S A S,ESPECIALIDAD-CAFE,(4)2773708
Actividades de asociaciones empresariales y de empleadores,JARDIN,ANTIOQUIA,VIA JARDIN MEDELLIN KM 8,https://empresite.eleconomistaamerica.co/ASOCIACION-PRODUCTORES-INDIGENAS-CAFE-KARMATA-RUA.html,ASOCIACION DE PRODUCTORES INDIGENAS DE CAFE KARMATA RUA,ESPECIALIDAD-CAFE,3217064324
Expendio de bebidas alcoholicas para el consumo dentro del establecimiento,CAUCASIA,ANTIOQUIA,CALLE 30 20 26,https://empresite.eleconomistaamerica.co/BILLAR-CAFE-JYP-SAS.html,BILLAR Y CAFE JYP S A S,ESPECIALIDAD-CAFE,3108200783
Comercio al por menor en establecimientos no especializados con surtido compuesto principalmente por alimentos bebidas o tabaco,VENECIA,ANTIOQUIA,CALLE BENJAMIN HERRERA,https://empresite.eleconomistaamerica.co/NUEVO-CAFETERO-LTDA.html,EL NUEVO CAFETERO LTDA,ESPECIALIDAD-CAFE,(4)8490104
Trilla de cafe,CALDAS,ANTIOQUIA,CALLE 113 SUR 50 B 02,https://empresite.eleconomistaamerica.co/NEGOCIOS-CAFE-ICAFE-EU.html,NEGOCIOS DE CAFE ICAFE E U,ESPECIALIDAD-CAFE,
Comercio al por mayor de productos alimenticios,MEDELLIN,ANTIOQUIA,VIA CIRCULAR 7 66 B 119,https://empresite.eleconomistaamerica.co/TIERRA-CAFE-SAS.html,TIERRA DE CAFE S A S,ESPECIALIDAD-CAFE,(4)4448504
Cultivo de cafe,MEDELLIN,ANTIOQUIA,CALLE 15 A 30 170,https://empresite.eleconomistaamerica.co/SAN-PELEGRINO-CAFES-ESPECIALES-SAS.html,SAN PELEGRINO CAFES ESPECIALES S A S,ESPECIALIDAD-CAFE,(4)3126364
Comercio al por mayor de materias primas agropecuarias animales vivos,MEDELLIN,ANTIOQUIA,CARRERA 51 14 242,https://empresite.eleconomistaamerica.co/COOPERATIVA-ANTIOQUENA-CAFETERA.html,COOPERATIVA ANTIOQUENA CAFETERA,ESPECIALIDAD-CAFE,(4)3515470
Expendio de comidas preparadas en cafeterias,CIUDAD BOLIVAR,ANTIOQUIA,CALLE 52 49 04,https://empresite.eleconomistaamerica.co/MITAKA-TRADICION-CAFE-SAS.html,MITAKA TRADICION DE CAFE S A S,ESPECIALIDAD-CAFE,(4)8411205
Expendio de comidas preparadas en cafeterias,MEDELLIN,ANTIOQUIA,CARRERA 65 A 13 157 LOCAL 9,https://empresite.eleconomistaamerica.co/1900-CAFE-SAS.html,1900 CAFE S A S,ESPECIALIDAD-CAFE,(4)3520144
Comercio al por mayor de productos alimenticios,ITAGUI,ANTIOQUIA,CALLE 85 48 1 BL 16,https://empresite.eleconomistaamerica.co/LULOS-GRANADILLA-EJE-CAFETERO-SAS.html,LULOS Y GRANADILLA DEL EJE CAFETERO S A S,ESPECIALIDAD-CAFE,
Otros tipos de expendio de comidas preparadas n c p,MEDELLIN,ANTIOQUIA,CARRERA 90 45 28,https://empresite.eleconomistaamerica.co/WAFFLERIA-WAFFLES-CAFE-SAS.html,LA WAFFLERIA WAFFLES Y CAFE S A S,ESPECIALIDAD-CAFE,(4)4168241
Comercio al por mayor de materias primas agropecuarias animales vivos,MEDELLIN,ANTIOQUIA,CALLE 53 49 109,https://empresite.eleconomistaamerica.co/LOLITA-TIENDA-CAFE-SAS.html,LOLITA TIENDA DE CAFE S A S,ESPECIALIDAD-CAFE,3216382239
Comercio al por menor de otros productos alimenticios n c p en establecimientos especializados,MEDELLIN,ANTIOQUIA,CALLE 11 SU  25 150 IN 407,https://empresite.eleconomistaamerica.co/LIFE-CAFE-SAS.html,LIFE CAFE S A S,ESPECIALIDAD-CAFE,3183729739
Comercio al por mayor de materiales de construccion articulos de ferreteria pinturas productos de vidrio equipo y materiales de fontaneria y calefaccion,MEDELLIN,ANTIOQUIA,CALLE 19 A 43 B 41,https://empresite.eleconomistaamerica.co/DESTILADOS-SOLVENTES-SA.html,CACHARRERIA MUNDIAL S A S,CADENAS-DE-CAFETERIAS,(4)2619100
Actividades de impresion,MEDELLIN,ANTIOQUIA,CARRERA 50 97 A SUR 150,https://empresite.eleconomistaamerica.co/CADENA-SA.html,CADENA S A,CAFETERIA-CADENA,(4)3786666
Edicion de programas de informatica (software),LA ESTRELLA,ANTIOQUIA,CARRERA 50 97 A SUR 150,https://empresite.eleconomistaamerica.co/CADENA-APPS-SAS.html,CADENA APPS S A S,CAFETERIA-CADENA,(4)3786666
Actividades de mensajeria,LA ESTRELLA,ANTIOQUIA,CARRERA 50 97 A SUR 150,https://empresite.eleconomistaamerica.co/CADENA-COURRIER-SAS.html,CADENA COURRIER S A S,CAFETERIA-CADENA,(4)3786666
Actividades inmobiliarias realizadas a cambio de una retribucion o por contrata,ENVIGADO,ANTIOQUIA,CALLE 38 S 43-26,https://empresite.eleconomistaamerica.co/CAFETERIAS-SALSAMENTARIAS-ENVIGADO-LTDA.html,CAFETERIAS Y SALSAMENTARIAS DE ENVIGADO LTDA,CAFETERIA-CADENA,(4)2766042
Expendio de comidas preparadas en cafeterias,MEDELLIN,ANTIOQUIA,CALLE 19 80 77,https://empresite.eleconomistaamerica.co/CAFETERIAS-RESTAURANTES-ESCOLARES-SAS.html,CAFETERIAS Y RESTAURANTES ESCOLARES S A S,CAFETERIA-CADENA,(4)5898297
Comercio al por mayor de otros tipos de maquinaria y equipo n c p,MEDELLIN,ANTIOQUIA,CALLE 45 60 57,https://empresite.eleconomistaamerica.co/CADENAS-COMPLEMENTOS-SAS.html,CADENAS Y COMPLEMENTOS S A S,CAFETERIA-CADENA,(4)4489399
Comercio al por menor de articulos de ferreteria pinturas y productos de vidrio en establecimientos especializados,CAUCASIA,ANTIOQUIA,,https://empresite.eleconomistaamerica.co/CADENA-MATERIALES-LTDA.html,CADENA DE MATERIALES LTDA,CAFETERIA-CADENA,
Elaboracion de otros productos alimenticios n c p,MEDELLIN,ANTIOQUIA,,https://empresite.eleconomistaamerica.co/CADENA-JARAMILLO-LTDA.html,CADENA JARAMILLO LTDA,CAFETERIA-CADENA,
Actividades de telecomunicaciones alambricas,MEDELLIN,ANTIOQUIA,CARRERA 81 48 A 39,https://empresite.eleconomistaamerica.co/CADENA-RADIAL-JUPITER-SAS.html,CADENA RADIAL JUPITER S A S,CAFETERIA-CADENA,(4)4449728
Comercio al por mayor de otros productos n c p,MEDELLIN,ANTIOQUIA,CARRERA 49 52 170 OF 12002,https://empresite.eleconomistaamerica.co/CADENA-TIENDAS-BARRIO-SA.html,CADENA DE TIENDAS DE BARRIO S A,CAFETERIA-CADENA,(4)2930266
Comercio al por menor de libros periodicos materiales y articulos de papeleria y escritorio en establecimientos especializados,ENVIGADO,ANTIOQUIA,CALLE 25 AA SUR 48 182,https://empresite.eleconomistaamerica.co/PAPELERIA-SERVICIOS-SAS.html,PAPELERIA Y SERVICIOS S A S,CAFETERIA-CADENA,3127892258
Tratamiento y revestimiento de metales mecanizado,MEDELLIN,ANTIOQUIA,CALLE 31 45 11,https://empresite.eleconomistaamerica.co/UNIVERSAL-CILINDROS-HIDRAULICOS-SA.html,UNIVERSAL DE CILINDROS HIDRAULICOS S A,CAFETERIA-CADENA,(4)2622341
Expendio a la mesa de comidas preparadas,MEDELLIN,ANTIOQUIA,CARRERA 32 1 BSUR 51,https://empresite.eleconomistaamerica.co/CADENA-ALIMENTOS-BEBIDAS-PENASCO-SA.html,CADENA DE ALIMENTOS Y BEBIDAS PENASCO S A,CAFETERIA-CADENA,(4)2687836
Comercio al por menor en establecimientos no especializados con surtido compuesto principalmente por productos diferentes de alimentos (viveres en general) bebidas y tabaco,MEDELLIN,ANTIOQUIA,CARRERA 48 17 A SUR 47,https://empresite.eleconomistaamerica.co/SOLUCIONES-INSUMOS-LIMPIEZA-CAFETERIA-COLOMBIA-LTDA.html,SOLUCIONES EN INSUMOS DE LIMPIEZA Y CAFETERIA DE COLOMBIA LTDA,CAFETERIA-CADENA,(4)3215562
Expendio a la mesa de comidas preparadas,MEDELLIN,ANTIOQUIA,CALLE 51 49 86 118,https://empresite.eleconomistaamerica.co/SALSAMENTARIA-RESTAURANTE-CAFETERIA-COMILONES-LTDA.html,SALSAMENTARIA RESTAURANTE Y CAFETERIA COMILONES LTDA,CAFETERIA-CADENA,(4)2312665
Expendio a la mesa de comidas preparadas,SANTAFE DE ANTIOQUIA,ANTIOQUIA,CARRERA 9 9 86,https://empresite.eleconomistaamerica.co/RESTAURANTE-CAFETERIA-PIEL-ROJA-SAS.html,RESTAURANTE Y CAFETERIA EL PIEL ROJA S A S,CAFETERIA-CADENA,(4)8531041
Comercio al por menor en establecimientos no especializados con surtido compuesto principalmente por productos diferentes de alimentos (viveres en general) bebidas y tabaco,BELMIRA,ANTIOQUIA,,https://empresite.eleconomistaamerica.co/SUPERMERCADO-CAFETERIA-DON-GREGO-CIA-LTDA.html,SUPERMERCADO Y CAFETERIA DON GREGO Y CIA LTDA,CAFETERIA-CADENA,
Expendio de comidas preparadas en cafeterias,BOLIVAR,ANTIOQUIA,,https://empresite.eleconomistaamerica.co/SOCIEDAD-CAFETERIA-VITRALES-RESTREPO-RAMIREZ-LTDA.html,SOCIEDAD CAFETERIA LOS VITRALES RESTREPO RAMIREZ LTDA,CAFETERIA-CADENA,
Elaboracion de productos de panaderia,MEDELLIN,ANTIOQUIA,,https://empresite.eleconomistaamerica.co/PANIFICADORA-CAFETERIA-PUNTO-LTDA.html,PANIFICADORA Y CAFETERIA AL PUNTO LTDA,CAFETERIA-CADENA,
Expendio de comidas preparadas en cafeterias,MEDELLIN,ANTIOQUIA,CALLE 45 F 80 73,https://empresite.eleconomistaamerica.co/SALSAMENTARIA-REPOSTERIA-CAFETERIA-CARMEL-LTDA.html,SALSAMENTARIA REPOSTERIA Y CAFETERIA CARMEL LTDA,CAFETERIA-CADENA,(4)4129739
Elaboracion de productos de panaderia,MEDELLIN,ANTIOQUIA,CARRERA 78 42 57,https://empresite.eleconomistaamerica.co/PANADERIA-REPOSTERIA-CAFETERIA-ANTOJITOS-78-SAS.html,PANADERIA REPOSTERIA Y CAFETERIA ANTOJITOS DE LA 78 S A S,CAFETERIA-CADENA,3017315923
Fabricacion de otros productos elaborados de metal n c p,ITAGUI,ANTIOQUIA,CALLE 76 47 09,https://empresite.eleconomistaamerica.co/PRODUCTORA-CADENAS-SAS.html,PRODUCTORA DE CADENAS S A S,CAFETERIA-CADENA,(4)4489526
Formacion academica no formal,MEDELLIN,ANTIOQUIA,CARRERA 43 G 19 47,https://empresite.eleconomistaamerica.co/ACADEMIA-DANZA-CLAUDIA-CADENA-EU.html,ACADEMIA DE DANZA CLAUDIA CADENA S A S,CAFETERIA-CADENA,(4)2357004
Publicidad,MEDELLIN,ANTIOQUIA,CALLE 10 A 40 42,https://empresite.eleconomistaamerica.co/REACCION-CADENA-LTDA.html,REACCION EN CADENA LTDA,CAFETERIA-CADENA,(4)2661046
Confeccion de prendas de vestir excepto prendas de piel,MEDELLIN,ANTIOQUIA,CARRERA 27 A 49 25,https://empresite.eleconomistaamerica.co/ASOCIACION-PRODUCTORES-BIENES-SERVICIOS-CADENA-CONFECCION-COMUNA-NUEVE-CUEROS.html,ASOCIACION DE PRODUCTORES BIENES Y SERVICIOS DE LA CADENA DE CONFECCION DE LA COMUNA NUEVE CUEROS,CAFETERIA-CADENA,(4)2698241
Actividades de otras asociaciones n c p,MEDELLIN,ANTIOQUIA,CARRERA 65 A 30 A 15,https://empresite.eleconomistaamerica.co/FUNDACION-ROCA-ROMPIENDO-CADENAS.html,FUNDACION ROCA ROMPIENDO CADENAS,CAFETERIA-CADENA,(4)3512475
Comercio al por menor de productos farmaceuticos y medicinales cosmeticos y articulos de tocador en establecimientos especializados,SABANETA,ANTIOQUIA,CARRERA 40 72 SUR 51 URB,https://empresite.eleconomistaamerica.co/MERCANDO-CADENAS-SAS.html,MERCANDO EN CADENAS S A S,CAFETERIA-CADENA,3128337417
Actividades de otras asociaciones n c p,MEDELLIN,ANTIOQUIA,CARRERA 48 100 44,https://empresite.eleconomistaamerica.co/FUNDACION-UNIVERSAL-ROMPIENDO-CADENAS.html,FUNDACION UNIVERSAL ROMPIENDO CADENAS,CAFETERIA-CADENA,3218590279
Comercio al por menor de articulos de ferreteria pinturas y productos de vidrio en establecimientos especializados,MEDELLIN,ANTIOQUIA,CARRERA 50 42 67,https://empresite.eleconomistaamerica.co/GUAYAS-CADENAS-SAS.html,GUAYAS Y CADENAS S A S,CAFETERIA-CADENA,(4)2324661
Otros tipos de educacion n c p,MEDELLIN,ANTIOQUIA,CALLE 4 18 55 APTO 1006,https://empresite.eleconomistaamerica.co/CORPORACION-ESCUELA-SUPERIOR-ADMINISTRACION-CADENA-SUMINISTRO.html,CORPORACION ESCUELA SUPERIOR EN ADMINISTRACION DE CADENA DE SUMINISTRO,CAFETERIA-CADENA,(4)3218227
Comercio al por menor de otros productos nuevos en establecimientos especializados,MEDELLIN,ANTIOQUIA,VIA CIRCULAR 74 39 B 32 AP 401,https://empresite.eleconomistaamerica.co/REDUCTORES-CADENAS-CIA-LTDA.html,REDUCTORES Y CADENAS Y CIA LTDA,CAFETERIA-CADENA,(4)4126080
Actividades de otras asociaciones n c p,MEDELLIN,ANTIOQUIA,CALLE 42 52 106 PISO 5 G,https://empresite.eleconomistaamerica.co/CORPORACION-COMITE-CADENA-LACTEA-REGION-2.html,CORPORACION COMITE DE LA CADENA LACTEA REGION 2,CAFETERIA-CADENA,(4)2602576
Actividades de otras asociaciones n c p,MEDELLIN,ANTIOQUIA,CALLE 3 3 ESTE 60,https://empresite.eleconomistaamerica.co/EMPRESA-ASOCIATIVA-TRABAJO-CADENA-PROGRESO-COLECTIVO.html,EMPRESA ASOCIATIVA DE TRABAJO CADENA DE PROGRESO COLECTIVO EN LIQUIDACION,CAFETERIA-CADENA,(4)2861514
Actividades de impresion,LA ESTRELLA,ANTIOQUIA,CARRERA 50 97 A SUR 150,https://empresite.eleconomistaamerica.co/TAG-CADENA-SAS.html,TAG CADENA S A S,CAFETERIA-CADENA,3104169923
Otras actividades recreativas y de esparcimiento n c p,MEDELLIN,ANTIOQUIA,CALLE 30 A 79 30 105,https://empresite.eleconomistaamerica.co/GRAN-CADENA-CINES-LTDA.html,GRAN CADENA DE CINES LTDA,CAFETERIA-CADENA,(4)2561319
Comercio al por mayor de productos alimenticios,LA ESTRELLA,ANTIOQUIA,CALLE 91 SUR 55 110,https://empresite.eleconomistaamerica.co/CAFES-ESPECIALES-MONTANA-SAS.html,CAFES ESPECIALES DE MONTANA S A S,DISTRIBUCION-CAFE-ESPECIAL,(4)5207220
Tejeduria de productos textiles,MEDELLIN,ANTIOQUIA,CARRERA 83 A 33 B 66,https://empresite.eleconomistaamerica.co/DISTRIBUCIONES-INVERSIONES-ESPECIALES-LTDA.html,DISTRIBUCIONES E INVERSIONES ESPECIALES S A S,DISTRIBUCION-CAFE-ESPECIAL,(4)4440485
Descafeinado tostion y molienda del cafe,MEDELLIN,ANTIOQUIA,CARRERA 90 A 44 B 17,https://empresite.eleconomistaamerica.co/ASOCIACION-PRODUCTORES-CAFE-ESPECIAL-CAFESA.html,ASOCIACION DE PRODUCTORES DE CAFE ESPECIAL CAFESA,DISTRIBUCION-CAFE-ESPECIAL,(4)2529090
Cultivo de cafe,MEDELLIN,ANTIOQUIA,CALLE 15 A 30 170,https://empresite.eleconomistaamerica.co/SAN-PELEGRINO-CAFES-ESPECIALES-SAS.html,SAN PELEGRINO CAFES ESPECIALES S A S,DISTRIBUCION-CAFE-ESPECIAL,(4)3126364
Actividades de otras asociaciones n c p,TAMESIS,ANTIOQUIA,CARRERA 11 12 68,https://empresite.eleconomistaamerica.co/ASOCIACION-CAMPESINA-CAFE-ESPECIAL-TAMESIS-ANTIOQUIA.html,ASOCIACION CAMPESINA DE CAFE ESPECIAL TAMESIS ANTIOQUIA,DISTRIBUCION-CAFE-ESPECIAL,3163995229
Actividades de otras asociaciones n c p,TITIRIBI,ANTIOQUIA,CORREGIDURIA LA MESETA FINCA FRAMNA 1,https://empresite.eleconomistaamerica.co/ASOCIACION-PRODUCTORES-COMERCIANTES-CAFES-ESPECIALES-SOL-CAMPO.html,ASOCIACION DE PRODUCTORES Y COMERCIANTES DE CAFES ESPECIALES SOL DEL CAMPO,DISTRIBUCION-CAFE-ESPECIAL,3114292857
Descafeinado tostion y molienda del cafe,ANGOSTURA,ANTIOQUIA,CARRERA 8 10 27,https://empresite.eleconomistaamerica.co/ASOCIACION-AGRICULTORES-CAFICULTORES-CAFES-ESPECIALES-ANGOSTURA.html,ASOCIACION DE AGRICULTORES Y CAFICULTORES DE CAFES ESPECIALES DE ANGOSTURA,DISTRIBUCION-CAFE-ESPECIAL,3234448910
Actividades de otras asociaciones n c p,URRAO,ANTIOQUIA,VEREDA PAVÓN,https://empresite.eleconomistaamerica.co/ASOCIACION-CAFES-ESPECIALES-PARAISO.html,ASOCIACION CAFES ESPECIALES DEL PARAISO,DISTRIBUCION-CAFE-ESPECIAL,3502808344
Cultivo de cafe,MEDELLIN,ANTIOQUIA,CALLE 16 B 32 50 INT 9944,https://empresite.eleconomistaamerica.co/SAN-LUIS-CAFE-ESPECIAL-SAS.html,SAN LUIS CAFE ESPECIAL S A S,DISTRIBUCION-CAFE-ESPECIAL,3015319862
Cultivo de cafe,BARBOSA,ANTIOQUIA,CARRERA 21 11 30,https://empresite.eleconomistaamerica.co/ASOCIACION-PRODUCTORES-CAFES-ESPECIALES-BARBOSA-ANTIOQUIA.html,ASOCIACION DE PRODUCTORES DE CAFES ESPECIALES DE BARBOSA ANTIOQUIA,DISTRIBUCION-CAFE-ESPECIAL,3116220773
Descafeinado tostion y molienda del cafe,MEDELLIN,ANTIOQUIA,CARRERA 79 41 SUR 60 INT 2,https://empresite.eleconomistaamerica.co/GRUPO-ANTIOQUENO-CAFES-ESPECIALES-SAS.html,GRUPO ANTIOQUENO DE CAFES ESPECIALES S A S,DISTRIBUCION-CAFE-ESPECIAL,3104647161
Comercio al por mayor de productos alimenticios,ENVIGADO,ANTIOQUIA,CARRERA 44 A 30 SUR 40,https://empresite.eleconomistaamerica.co/COMERCIALIZADORA-INTERNACIONAL-CAFES-ESPECIALES-ORTIZ-ECHEVERRI-LTDA.html,COMERCIALIZADORA INTERNACIONAL DE CAFES ESPECIALES ORTIZ Y ECHEVERRI LTDA,DISTRIBUCION-CAFE-ESPECIAL,(4)3330135
Comercio al por mayor de productos farmaceuticos medicinales cosmeticos y de tocador,MEDELLIN,ANTIOQUIA,CALLE 30 AA 81 A 20,https://empresite.eleconomistaamerica.co/JOTAGRO-DISTRIBUCIONES-ESPECIALIZADAS-SAS.html,JOTAGRO DISTRIBUCIONES ESPECIALIZADAS S A S,DISTRIBUCION-CAFE-ESPECIAL,3117644967
Comercio al por mayor de productos alimenticios,LA ESTRELLA,ANTIOQUIA,CALLE 91 SUR 55 110,https://empresite.eleconomistaamerica.co/CAFES-ESPECIALES-MONTANA-SAS.html,CAFES ESPECIALES DE MONTANA S A S,CAFES-ESPECIALES,(4)5207220
Cultivo de cafe,MEDELLIN,ANTIOQUIA,CALLE 15 A 30 170,https://empresite.eleconomistaamerica.co/SAN-PELEGRINO-CAFES-ESPECIALES-SAS.html,SAN PELEGRINO CAFES ESPECIALES S A S,CAFES-ESPECIALES,(4)3126364
Actividades de otras asociaciones n c p,TITIRIBI,ANTIOQUIA,CORREGIDURIA LA MESETA FINCA FRAMNA 1,https://empresite.eleconomistaamerica.co/ASOCIACION-PRODUCTORES-COMERCIANTES-CAFES-ESPECIALES-SOL-CAMPO.html,ASOCIACION DE PRODUCTORES Y COMERCIANTES DE CAFES ESPECIALES SOL DEL CAMPO,CAFES-ESPECIALES,3114292857
Descafeinado tostion y molienda del cafe,ANGOSTURA,ANTIOQUIA,CARRERA 8 10 27,https://empresite.eleconomistaamerica.co/ASOCIACION-AGRICULTORES-CAFICULTORES-CAFES-ESPECIALES-ANGOSTURA.html,ASOCIACION DE AGRICULTORES Y CAFICULTORES DE CAFES ESPECIALES DE ANGOSTURA,CAFES-ESPECIALES,3234448910
Actividades de otras asociaciones n c p,URRAO,ANTIOQUIA,VEREDA PAVÓN,https://empresite.eleconomistaamerica.co/ASOCIACION-CAFES-ESPECIALES-PARAISO.html,ASOCIACION CAFES ESPECIALES DEL PARAISO,CAFES-ESPECIALES,3502808344
Cultivo de cafe,BARBOSA,ANTIOQUIA,CARRERA 21 11 30,https://empresite.eleconomistaamerica.co/ASOCIACION-PRODUCTORES-CAFES-ESPECIALES-BARBOSA-ANTIOQUIA.html,ASOCIACION DE PRODUCTORES DE CAFES ESPECIALES DE BARBOSA ANTIOQUIA,CAFES-ESPECIALES,3116220773
Descafeinado tostion y molienda del cafe,MEDELLIN,ANTIOQUIA,CARRERA 79 41 SUR 60 INT 2,https://empresite.eleconomistaamerica.co/GRUPO-ANTIOQUENO-CAFES-ESPECIALES-SAS.html,GRUPO ANTIOQUENO DE CAFES ESPECIALES S A S,CAFES-ESPECIALES,3104647161
Comercio al por mayor de productos alimenticios,ENVIGADO,ANTIOQUIA,CARRERA 44 A 30 SUR 40,https://empresite.eleconomistaamerica.co/COMERCIALIZADORA-INTERNACIONAL-CAFES-ESPECIALES-ORTIZ-ECHEVERRI-LTDA.html,COMERCIALIZADORA INTERNACIONAL DE CAFES ESPECIALES ORTIZ Y ECHEVERRI LTDA,CAFES-ESPECIALES,(4)3330135
Expendio a la mesa de comidas preparadas,MEDELLIN,ANTIOQUIA,CARRERA 43 A 12 40,https://empresite.eleconomistaamerica.co/CAFES-CREPES-LTDA.html,CAFES Y CREPES LTDA,CAFES-ESPECIALES,(4)2666638
Comercio al por mayor de materiales de construccion articulos de ferreteria pinturas productos de vidrio equipo y materiales de fontaneria y calefaccion,MEDELLIN,ANTIOQUIA,CALLE 19 A 43 B 41,https://empresite.eleconomistaamerica.co/DESTILADOS-SOLVENTES-SA.html,CACHARRERIA MUNDIAL S A S,CAFES-ESPECIALES,(4)2619100
Transporte de pasajeros,RIONEGRO,ANTIOQUIA,CARRERA 61 A 47 41 RIONEGR,https://empresite.eleconomistaamerica.co/ESPECIALES-TRANSGIREN-TOURS-SAS.html,ESPECIALES TRANSGIREN TOURS SAS,CAFES-ESPECIALES,3148645206
Fabricacion de vehiculos automotores y sus motores,LA ESTRELLA,ANTIOQUIA,CARRERA 50 80 SUR 80,https://empresite.eleconomistaamerica.co/ACCESORIOS-SISTEMAS-SA.html,ACCESORIOS Y SISTEMAS S A,CAFES-ESPECIALES,(4)4482599
Forja prensado estampado y laminado de metal pulvimetalurgia,MEDELLIN,ANTIOQUIA,CALLE 73 51 C 31,https://empresite.eleconomistaamerica.co/FORJAS-BOLIVAR-SAS.html,FORJAS BOLIVAR S A S,CAFES-ESPECIALES,(4)2635500
Comercio al por menor de articulos de ferreteria pinturas y productos de vidrio en establecimientos especializados,MEDELLIN,ANTIOQUIA,CALLE 29 D 55 205,https://empresite.eleconomistaamerica.co/FERROCORTES-GMY-CIA-SOCIEDAD-ACCIONES-SIMPLIFICADA.html,FERROCORTES G M Y CIA SOCIEDAD POR ACCIONES SIMPLIFICADA,CAFES-ESPECIALES,(4)4484340
Actividades de clubes deportivos,MEDELLIN,ANTIOQUIA,CALLE 16 A SUR 34 950,https://empresite.eleconomistaamerica.co/CORPORACION-CLUB-CAMPESTRE.html,CORPORACION CLUB CAMPESTRE,CAFES-ESPECIALES,(4)3259000
Cultivo de cafe,CONCORDIA,ANTIOQUIA,CALLE 18 18 46,https://empresite.eleconomistaamerica.co/ASOCIACION-PRODUCTORES-AGROPECUARIOS-CAFES-ALTURA-CONCORDIA-ANTIOQUIA-APRAYCAFES.html,ASOCIACION DE PRODUCTORES AGROPECUARIOS Y CAFES DE ALTURA DE CONCORDIA ANTIOQUIA APRAYCAFES,CAFES-ESPECIALES,3015133793
Comercio al por mayor de productos alimenticios,MEDELLIN,ANTIOQUIA,CARRERA 46 41 16 INT 1504,https://empresite.eleconomistaamerica.co/MERAKI-CAFES-SAS.html,MERAKI CAFES SAS,CAFES-ESPECIALES,(4)2622295
Descafeinado tostion y molienda del cafe,MEDELLIN,ANTIOQUIA,CARRERA 90 A 44 B 17,https://empresite.eleconomistaamerica.co/ASOCIACION-PRODUCTORES-CAFE-ESPECIAL-CAFESA.html,ASOCIACION DE PRODUCTORES DE CAFE ESPECIAL CAFESA,CAFES-ESPECIALES,(4)2529090
Otras actividades profesionales cientificas y tecnicas n c p,MEDELLIN,ANTIOQUIA,CARRERA 86 A 47 A 04,https://empresite.eleconomistaamerica.co/GESTION-EMPRESARIAL-PROYECTOS-ESPECIALES-SAS.html,GESTION EMPRESARIAL EN PROYECTOS ESPECIALES S A S,CAFES-ESPECIALES,(4)4133988
Construccion de otras obras de ingenieria civil,TURBO,ANTIOQUIA,CARRERA 12 98 A 36,https://empresite.eleconomistaamerica.co/CONSULTORIAS-ESPECIALES-URABA-LTDA.html,CONSTRUCCIONES Y CONSULTORIAS ESPECIALES DE URABA LTDA,CAFES-ESPECIALES,3012495854
Transporte de pasajeros,COCORNA,ANTIOQUIA,CALLE 20 24 43,https://empresite.eleconomistaamerica.co/LOGISTICA-SOLUCIONES-TRANSPORTES-ESPECIALES-SAS.html,LOGISTICA Y SOLUCIONES DE TRANSPORTES ESPECIALES S A S,CAFES-ESPECIALES,(4)6035437
Comercio al por menor en establecimientos no especializados con surtido compuesto principalmente por productos diferentes de alimentos (viveres en general) bebidas y tabaco,MEDELLIN,ANTIOQUIA,CARRERA 80 A 32 D 2 OF 9914,https://empresite.eleconomistaamerica.co/ASESORIAS-SERVICIOS-ESPECIALES-SALUD-SAS.html,ASESORIAS Y SERVICIOS ESPECIALES EN SALUD S A S,CAFES-ESPECIALES,(4)2507381
Actividades de atencion en instituciones para el cuidado de personas mayores y/o discapacitadas,MEDELLIN,ANTIOQUIA,CARRERA 79 39 25,https://empresite.eleconomistaamerica.co/PLENILUNIO-CUIDADOS-ESPECIALES-ASISTENCIA-PALIATIVA-SAS.html,PLENILUNIO CUIDADOS ESPECIALES Y ASISTENCIA PALIATIVA S A S,CAFES-ESPECIALES,(4)4132117
Terminacion y acabado de edificios y obras de ingenieria civil,MEDELLIN,ANTIOQUIA,CARRERA 45 25 23,https://empresite.eleconomistaamerica.co/RECUBRIMIENTOS-ESPECIALES-CUBREX-SAS.html,RECUBRIMIENTOS ESPECIALES CUBREX S A S,CAFES-ESPECIALES,(4)4489018
Fabricacion de articulos de plastico n c p,COPACABANA,ANTIOQUIA,CALLE 52 42 48 IN 246,https://empresite.eleconomistaamerica.co/PROCESOS-PLASTICOS-ESPECIALES-SAS.html,PROCESOS PLASTICOS ESPECIALES S A S,CAFES-ESPECIALES,3136114376
Comercio al por menor de articulos de ferreteria pinturas y productos de vidrio en establecimientos especializados,MEDELLIN,ANTIOQUIA,CARRERA 65 72 191,https://empresite.eleconomistaamerica.co/VIDRIOS-ESPECIALES-ANTIOQUIA-LTDA.html,VIDRIOS ESPECIALES ANTIOQUIA LTDA,CAFES-ESPECIALES,(4)4420779
Actividades de contabilidad teneduria de libros auditoria financiera y asesoria tributaria,TARAZA,ANTIOQUIA,CARRERA 29 29 13,https://empresite.eleconomistaamerica.co/CENTRO-ASESORIAS-ESPECIALES-LTDA.html,CENTRO DE ASESORIAS ESPECIALES LTDA,CAFES-ESPECIALES,(4)8366763
Transporte de pasajeros,MEDELLIN,ANTIOQUIA,CARRERA 69 49 A 37,https://empresite.eleconomistaamerica.co/SERVICIOS-ESPECIALES-COLEGIOS-BANANERAS-TURISMO-LTDA.html,SERVICIOS ESPECIALES A COLEGIOS BANANERAS Y TURISMO S A S,CAFES-ESPECIALES,(4)2606557
Fabricacion de articulos de punto y ganchillo,MEDELLIN,ANTIOQUIA,CARRERA 67 A 42 118,https://empresite.eleconomistaamerica.co/COMERCIALIZADORA-INTERNACIONAL-INVERMODA-NEGOCIOS-ESPECIALES-SA.html,COMERCIALIZADORA INTERNACIONAL INVERMODA NEGOCIOS ESPECIALES S A,CAFES-ESPECIALES,(4)2602069
Fabricacion de articulos de plastico n c p,ITAGUI,ANTIOQUIA,CARRERA 45 A 72 93,https://empresite.eleconomistaamerica.co/COMPANIA-DESARROLLO-EMPAQUES-ESPECIALES-SAS.html,COMPANIA DE DESARROLLO DE EMPAQUES ESPECIALES S A S,CAFES-ESPECIALES,(4)4441260
Transporte de pasajeros,MEDELLIN,ANTIOQUIA,CALLE 52 77 C 35,https://empresite.eleconomistaamerica.co/TRANSPORTES-ESPECIALES-YS-SAS.html,TRANSPORTES ESPECIALES A YS  S A S,CAFES-ESPECIALES,(4)4483197
Otras actividades de servicios personales n c p,MEDELLIN,ANTIOQUIA,CALLE 104 AA 76 71,https://empresite.eleconomistaamerica.co/EMPRESA-COLOMBIANA-COMERCIALIZACION-SERVICIOS-ESPECIALES-SAS.html,EMPRESA COLOMBIANA DE COMERCIALIZACION Y SERVICIOS ESPECIALES S A S,CAFES-ESPECIALES,(4)5052655
Comercio al por menor de productos farmaceuticos y medicinales cosmeticos y articulos de tocador en establecimientos especializados,MEDELLIN,ANTIOQUIA,CARRERA 66 B 32 D 43 EDIFICI,https://empresite.eleconomistaamerica.co/ESENCIAS-ESPECIALES-SAS.html,ESENCIAS ESPECIALES S A S,CAFES-ESPECIALES,3187344066
Actividades de otras asociaciones n c p,MEDELLIN,ANTIOQUIA,CALLE 7 D 43 C 50,https://empresite.eleconomistaamerica.co/CORPORACION-PARA-PERSONAS-NECESIDADES-ESPECIALES.html,CORPORACION PARA PERSONAS CON NECESIDADES ESPECIALES,CAFES-ESPECIALES,(4)5700395
Actividades de otras asociaciones n c p,BELLO,ANTIOQUIA,CARRERA 55 38 170,https://empresite.eleconomistaamerica.co/ASOCIACION-PADRES-HIJOS-NECESIDADES-ESPECIALES.html,ASOCIACION DE PADRES DE HIJOS CON NECESIDADES ESPECIALES,CAFES-ESPECIALES,(4)4664651
Comercio de partes piezas (autopartes) y accesorios (lujos) para vehiculos automotores,MEDELLIN,ANTIOQUIA,CALLE 26 39 70 AP 1909,https://empresite.eleconomistaamerica.co/PROYECTOS-ESPECIALES-JAVA-SAS.html,PROYECTOS ESPECIALES JAVA S A S,CAFES-ESPECIALES,3155406227
Acabado de productos textiles,LA ESTRELLA,ANTIOQUIA,CARRERA 48 B 99 SUR 59 BG 8,https://empresite.eleconomistaamerica.co/PROCESOS-ESPECIALES-LAVADO-PARA-CONFECCION-SA.html,PROCESOS ESPECIALES DE LAVADO PARA LA CONFECCION S A,CAFES-ESPECIALES,(4)4487040
Comercio de partes piezas (autopartes) y accesorios (lujos) para vehiculos automotores,MEDELLIN,ANTIOQUIA,CALLE 40 52 A 14,https://empresite.eleconomistaamerica.co/FRENOS-ESPECIALES-LTDA.html,FRENOS ESPECIALES LTDA,CAFES-ESPECIALES,(4)2323755
Transporte de pasajeros,ENVIGADO,ANTIOQUIA,CALLE 36 A SUR 45 B 110,https://empresite.eleconomistaamerica.co/TRANSPORTES-ESPECIALES-ARCO-IRIS-SAS.html,TRANSPORTES ESPECIALES ARCO IRIS S A S,CAFES-ESPECIALES,(4)3312999
Transporte de pasajeros,MEDELLIN,ANTIOQUIA,CALLE 53 71 11 OF 106,https://empresite.eleconomistaamerica.co/SERVICIOS-ESPECIALES-COLECTIVOS-TURISTICOS-SAS-SESCOTUR.html,SERVICIOS ESPECIALES COLECTIVOS Y TURISTICOS S A S SESCOTUR S A S,CAFES-ESPECIALES,3176683216
Transporte de pasajeros,MEDELLIN,ANTIOQUIA,CARRERA 67 71 38 OF 206,https://empresite.eleconomistaamerica.co/TRANSPORTE-SERVICIOS-ESPECIALES.html,SERVICIO NACIONAL DE TRANSPORTE ESPECIAL S A S,CAFES-ESPECIALES,(4)4481436
Acabado de productos textiles,MEDELLIN,ANTIOQUIA,CARRERA 52 12 SUR 16,https://empresite.eleconomistaamerica.co/SERVICIOS-ESPECIALES-CORTE-CONFECCION-SAS.html,SERVICIOS ESPECIALES EN CORTE Y CONFECCION S A S,CAFES-ESPECIALES,(4)2851133
Actividades de arquitectura e ingenieria y otras actividades conexas de consultoria tecnica,MEDELLIN,ANTIOQUIA,CALLE 54 86 A 35,https://empresite.eleconomistaamerica.co/SOLUCIONES-TECNOLOGICAS-ESPECIALES-SAS.html,SOLUCIONES TECNOLOGICAS ESPECIALES S A S,CAFES-ESPECIALES,3116173402
Comercio al por menor de otros productos alimenticios n c p en establecimientos especializados,ENVIGADO,ANTIOQUIA,CALLE 37 SUR 34 3,https://empresite.eleconomistaamerica.co/ALIMENTOS-ESPECIALES-SAS.html,ALIMENTOS ESPECIALES S A S,CAFES-ESPECIALES,(4)2701582
Terminacion y acabado de edificios y obras de ingenieria civil,MEDELLIN,ANTIOQUIA,CARRERA 50 A 107 69,https://empresite.eleconomistaamerica.co/MONTAJES-ESPECIALES-FACHADAS-VENTANAS-SAS.html,MONTAJES ESPECIALES EN FACHADAS Y VENTANAS S A S,CAFES-ESPECIALES,(4)5223019
Comercio al por mayor de otros productos n c p,MEDELLIN,ANTIOQUIA,CARRERA 43 A 10 47 OF 214,https://empresite.eleconomistaamerica.co/TRATAMIENTOS-ESPECIALES-MANTENIMIENTO-SAS.html,TRATAMIENTOS ESPECIALES DE MANTENIMIENTO S A S,CAFES-ESPECIALES,3003971685
Fabricacion de vidrio y productos de vidrio,MEDELLIN,ANTIOQUIA,CARRERA 44 A 31 95,https://empresite.eleconomistaamerica.co/KRISTALES-ESPECIALES-SAS.html,KRISTALES ESPECIALES S A S,CAFES-ESPECIALES,(4)2620203
Transporte de pasajeros,MEDELLIN,ANTIOQUIA,CARRERA 72 44 40,https://empresite.eleconomistaamerica.co/ANTIOQUENA-VIAJES-ESPECIALES-SAS.html,ANTIOQUENA DE VIAJES ESPECIALES S A S,CAFES-ESPECIALES,(4)4134435
Catering para eventos,MEDELLIN,ANTIOQUIA,CARRERA 73 20 A 40,https://empresite.eleconomistaamerica.co/EVENTOS-MOMENTOS-ESPECIALES-SAS.html,EVENTOS Y MOMENTOS ESPECIALES S A S,CAFES-ESPECIALES,(4)5884250
Transporte de pasajeros,MEDELLIN,ANTIOQUIA,TRANSVERSAL 51 A 69 05,https://empresite.eleconomistaamerica.co/TRANSPORTES-ESPECIALES-TURISTICOS-MYMSAS.html,TRANSPORTES ESPECIALES Y TURISTICOS M Y M S A S,CAFES-ESPECIALES,(4)3222051
Transporte de pasajeros,APARTADO,ANTIOQUIA,CARRERA 114 89 79 BRR EL SALVADOR,https://empresite.eleconomistaamerica.co/TRANSPORTES-ESPECIALES-OCCIDENTE-SAS.html,TRANSPORTES ESPECIALES DE OCCIDENTE S A S,CAFES-ESPECIALES,(4)8282712
Fabricacion de productos metalicos para uso estructural,MEDELLIN,ANTIOQUIA,CALLE 30 44 177,https://empresite.eleconomistaamerica.co/CONHIME-PROYECTOS-ESPECIALES-SAS.html,CONHIME PROYECTOS ESPECIALES SAS,CAFES-ESPECIALES,3017985257
Elaboracion de comidas y platos preparados,MEDELLIN,ANTIOQUIA,CALLE 44 64 02,https://empresite.eleconomistaamerica.co/CROCANTES-ESPECIALES-SAS.html,CROCANTES ESPECIALES S A S,CAFES-ESPECIALES,(4)2302617
Transporte de pasajeros,RIONEGRO,ANTIOQUIA,CARRERA 62 A 40 C 90 BARRIO EL PORVENIR,https://empresite.eleconomistaamerica.co/SERVICIOS-TRANSPORTES-ESPECIALES-JRE-SAS.html,SERVICIOS DE TRANSPORTES ESPECIALES JRE S A S,CAFES-ESPECIALES,3142484216
Transporte aereo nacional de pasajeros,MEDELLIN,ANTIOQUIA,CARRERA 67 A 3 46 HANGAR 42,https://empresite.eleconomistaamerica.co/SERVICIOS-AEREOS-ESPECIALES-COLOMBIA-SAECOL-SA.html,SERVICIOS AEREOS ESPECIALES DE COLOMBIA SAECOL S A,CAFES-ESPECIALES,(4)2559262
Otras actividades de servicio de apoyo a las empresas n c p,MEDELLIN,ANTIOQUIA,CALLE 37 79 32,https://empresite.eleconomistaamerica.co/ELEMENTO-MONTAJE-EVENTOS-ESPECIALES-LTDA.html,ELEMENTO MONTAJE DE EVENTOS ESPECIALES S A S,CAFES-ESPECIALES,(4)4441234
Transporte de pasajeros,ITAGUI,ANTIOQUIA,CALLE 38 A 50 A 75,https://empresite.eleconomistaamerica.co/OSPINA-PAREJA-SERVICIOS-ESPECIALES-SAS.html,OSPINA Y PAREJA SERVICIOS ESPECIALES S A S,CAFES-ESPECIALES,(4)2775786
Transporte mixto,GUARNE,ANTIOQUIA,CARRERA 52 D 33 541,https://empresite.eleconomistaamerica.co/TRANSPORTES-ESPECIALES-ALZATE-BALBIN-SAS.html,TRANSPORTES ESPECIALES ALZATE BALBIN S A S,CAFES-ESPECIALES,3194217312
Transporte de pasajeros,MEDELLIN,ANTIOQUIA,CARRERA 93 B 38 211,https://empresite.eleconomistaamerica.co/TRANSPORTES-ESPECIALES-AZ-WAYS-SAS.html,TRANSPORTES ESPECIALES AZ WAYS S A S,CAFES-ESPECIALES,(4)4914532
Fundicion de metales no ferrosos,MEDELLIN,ANTIOQUIA,CARRERA 58 28 38,https://empresite.eleconomistaamerica.co/BRONCES-INDUSTRIALES-LATONES-ESPECIALES-COLOMBIA-SAS.html,BRONCES INDUSTRIALES Y LATONES ESPECIALES DE COLOMBIA S A S,CAFES-ESPECIALES,(4)5706402
Actividades de servicios relacionados con la impresion,MEDELLIN,ANTIOQUIA,CALLE 63 42 66,https://empresite.eleconomistaamerica.co/GAMUZADOS-RECUBRIMIENTOS-ESPECIALES-LTDA.html,GAMUZADOS Y RECUBRIMIENTOS ESPECIALES LTDA,CAFES-ESPECIALES,(4)5110179
Comercio de partes piezas (autopartes) y accesorios (lujos) para vehiculos automotores,MEDELLIN,ANTIOQUIA,CALLE 31 B 87 D 18,https://empresite.eleconomistaamerica.co/COMERCIALIZADORA-LLANTAS-ESPECIALES-SAS.html,COMERCIALIZADORA DE LLANTAS ESPECIALES S A S,CAFES-ESPECIALES,(4)3424272
Mantenimiento y reparacion especializado de equipo electrico,MEDELLIN,ANTIOQUIA,CARRERA 65 26 19,https://empresite.eleconomistaamerica.co/BOBINADOS-ESPECIALES-HERNANDEZ-QUIRAMA-CIA-SCS.html,BOBINADOS ESPECIALES HERNANDEZ QUIRAMA Y CIA S C S,CAFES-ESPECIALES,(4)2650174
Comercio al por menor de articulos de ferreteria pinturas y productos de vidrio en establecimientos especializados,MEDELLIN,ANTIOQUIA,CARRERA 50 41 41 LOCAL 109,https://empresite.eleconomistaamerica.co/HR-HERRAMIENTAS-ESPECIALES-LTDA.html,H R HERRAMIENTAS ESPECIALES LTDA,CAFES-ESPECIALES,(4)2327012
Actividades de consultoria informatica y actividades de administracion de instalaciones informaticas,MEDELLIN,ANTIOQUIA,CARRERA 48 B 10 S 118,https://empresite.eleconomistaamerica.co/APLICACIONES-ESPECIALES-SA.html,APLICACIONES ESPECIALES S A,CAFES-ESPECIALES,(4)3128686
Otras actividades de limpieza de edificios e instalaciones industriales,MEDELLIN,ANTIOQUIA,CARRERA 75 31 46,https://empresite.eleconomistaamerica.co/TRATAMIENTOS-ESPECIALES-LTDA.html,TRATAMIENTOS ESPECIALES LTDA,CAFES-ESPECIALES,(4)2385353
Tratamiento y revestimiento de metales mecanizado,MEDELLIN,ANTIOQUIA,CALLE 44 79 86 LOCAL 104,https://empresite.eleconomistaamerica.co/SOCIEDAD-SOLDADURAS-ESPECIALES-JLB-LTDA.html,SOCIEDAD SOLDADURAS ESPECIALES J L B LTDA,CAFES-ESPECIALES,(4)2340602
Fabricacion de otros productos elaborados de metal n c p,MEDELLIN,ANTIOQUIA,CARRERA 44 38 58,https://empresite.eleconomistaamerica.co/FABRICACIONES-ESPECIALES-LTDA.html,FABRICACIONES ESPECIALES LTDA,CAFES-ESPECIALES,(4)2325756
Transporte de pasajeros,MEDELLIN,ANTIOQUIA,CARRERA 68 A 45 05,https://empresite.eleconomistaamerica.co/COOPERATIVA-TRANSPORTES-ESPECIALES.html,COOPERATIVA DE TRANSPORTES ESPECIALES,CAFES-ESPECIALES,(4)2318086
Transporte de pasajeros,MEDELLIN,ANTIOQUIA,CARRERA 58 7 146,https://empresite.eleconomistaamerica.co/COOPERATIVA-TRANSPORTE-ESCOLAR-SERVICIOS-ESPECIALES-SUR.html,COOPERATIVA DE TRANSPORTE ESCOLAR Y SERVICIOS ESPECIALES DEL SUR COOTRANSURES,CAFES-ESPECIALES,(4)4444903
Alquiler y arrendamiento de vehiculos automotores,BELLO,ANTIOQUIA,CARRERA 58 AA 31 126 APTO 102,https://empresite.eleconomistaamerica.co/SERVICIOS-ESPECIALES-MIXTURA-SAS.html,SERVICIOS ESPECIALES MIXTURA S A S,CAFES-ESPECIALES,3113300995
Comercio al por menor de articulos de ferreteria pinturas y productos de vidrio en establecimientos especializados,MEDELLIN,ANTIOQUIA,CARRERA 15 9 A 31 AP 401,https://empresite.eleconomistaamerica.co/AMBIENTES-ESPECIALES-SAS.html,AMBIENTES ESPECIALES S A S,CAFES-ESPECIALES,3116014426
Otras industrias manufactureras n c p,MEDELLIN,ANTIOQUIA,CARRERA 80 A 52 B 72,https://empresite.eleconomistaamerica.co/PREMIACIONES-ESPECIALES-SAS.html,PREMIACIONES ESPECIALES S A S,CAFES-ESPECIALES,(4)4440133
Actividades de otras asociaciones n c p,BELLO,ANTIOQUIA,AVENIDA 38 59 50,https://empresite.eleconomistaamerica.co/CORPORACION-RECREATIVA-SERVICIOS-ESPECIALES-CULTURALES.html,CORPORACION RECREATIVA DE SERVICIOS ESPECIALES Y CULTURALES,CAFES-ESPECIALES,(4)4536212
Actividades de detectives e investigadores privados,MEDELLIN,ANTIOQUIA,CARRERA 64 A 48 21 TORRE 7 S,https://empresite.eleconomistaamerica.co/CIE-CENTRO-INVESTIGACIONES-ESPECIALES-1-SAS.html,CIE CENTRO DE INVESTIGACIONES ESPECIALES 1 S A S,CAFES-ESPECIALES,(4)2309557
Instalaciones de fontaneria calefaccion y aire acondicionado,MEDELLIN,ANTIOQUIA,CALLE 52 47 28 OF 709,https://empresite.eleconomistaamerica.co/INSTALACIONES-ACOMETIDAS-CONSTRUCCIONES-ESPECIALES-INACES-SAS.html,INSTALACIONES ACOMETIDAS Y CONSTRUCCIONES ESPECIALES INACES S A S,CAFES-ESPECIALES,(4)2514651
Catering para eventos,MEDELLIN,ANTIOQUIA,CALLE 1 SUR  35 90,https://empresite.eleconomistaamerica.co/ORIGENES-ESPECIALES-SAS.html,ORIGENES Y ESPECIALES S A S,CAFES-ESPECIALES,3164466703
Comercio al por menor de libros periodicos materiales y articulos de papeleria y escritorio en establecimientos especializados,ITAGUI,ANTIOQUIA,CALLE 84 A 53 A 25 N 14,https://empresite.eleconomistaamerica.co/DOTACIONES-ESPECIALES-DASHA-SAS.html,DOTACIONES ESPECIALES DASHA S A S,CAFES-ESPECIALES,3223699396
Transporte de pasajeros,MEDELLIN,ANTIOQUIA,CARRERA 69 49 6,https://empresite.eleconomistaamerica.co/ASOCIACION-TRANSPORTADORES-ESPECIALES.html,ASOCIACION DE TRANSPORTADORES ESPECIALES,CAFES-ESPECIALES,(4)4486048
Tejeduria de productos textiles,MEDELLIN,ANTIOQUIA,CARRERA 83 A 33 B 66,https://empresite.eleconomistaamerica.co/DISTRIBUCIONES-INVERSIONES-ESPECIALES-LTDA.html,DISTRIBUCIONES E INVERSIONES ESPECIALES S A S,CAFES-ESPECIALES,(4)4440485
Actividades de seguridad privada,SABANETA,ANTIOQUIA,CARRERA 39 A 61 B SUR 74,https://empresite.eleconomistaamerica.co/ASESORIAS-SERVICIOS-ESPECIALES-CONFIABLES-LTDA.html,ASESORIAS Y SERVICIOS ESPECIALES CONFIABLES S A S,CAFES-ESPECIALES,(4)4449937
Comercio al por mayor de combustibles solidos liquidos gaseosos y productos conexos,RIONEGRO,ANTIOQUIA,CALLE 39 52 AA 30 URB SERRANIAS,https://empresite.eleconomistaamerica.co/EKARB-CARBONES-ESPECIALES-SAS.html,EKARB CARBONES ESPECIALES S A S,CAFES-ESPECIALES,3164668827
Transporte de pasajeros,ENVIGADO,ANTIOQUIA,CALLE 33 SUR 43 A 37,https://empresite.eleconomistaamerica.co/TRANSPORTES-ESPECIALES-CAVITRANS-SAS.html,TRANSPORTES ESPECIALES CAVITRANS S A S,CAFES-ESPECIALES,3173692419
Publicidad,MEDELLIN,ANTIOQUIA,CALLE 34 B 80 51,https://empresite.eleconomistaamerica.co/DE-DISENOS-ESPECIALES-SAS.html,D E DISENOS ESPECIALES S A S,CAFES-ESPECIALES,(4)3661349
Transporte de carga por carretera,MEDELLIN,ANTIOQUIA,CALLE 77 E 82 A 99,https://empresite.eleconomistaamerica.co/TRANSPORTES-ESPECIALES-JM-SAS.html,TRANSPORTES ESPECIALES JM S A S,CAFES-ESPECIALES,3164852667
Otras actividades de servicio de apoyo a las empresas n c p,MARINILLA,ANTIOQUIA,CARRERA 41 29 91,https://empresite.eleconomistaamerica.co/CORPORACION-PARA-NINOS-ESPECIALES-PROGRESO.html,CORPORACION PARA NINOS ESPECIALES EL PROGRESO,CAFES-ESPECIALES,(4)5481411
Actividades de otras asociaciones n c p,SONSON,ANTIOQUIA,CARRERA 6 CL 6 58,https://empresite.eleconomistaamerica.co/CORPORACION-CIVICA-DESARROLLO-TURISMO-EVENTOS-ESPECIALES-FIESTAS-MAIZ-SONSON.html,CORPORACION CIVICA DE DESARROLLO TURISMO Y EVENTOS ESPECIALES FIESTAS DEL MAIZ DE SONSON,CAFES-ESPECIALES,3126689542
Otras actividades de servicio de apoyo a las empresas n c p,RIONEGRO,ANTIOQUIA,CARRERA 66 41 B 102,https://empresite.eleconomistaamerica.co/REDES-SERVICIOS-ESPECIALES-SAS.html,REDES Y SERVICIOS ESPECIALES S A S,CAFES-ESPECIALES,(4)6150201
Transporte mixto,APARTADO,ANTIOQUIA,CARRERA 107 97 A 12,https://empresite.eleconomistaamerica.co/TRANSPORTES-ESPECIALES-BUSES-MIXTOS-SAS.html,TRANSPORTES ESPECIALES BUSES Y MIXTOS S A S,CAFES-ESPECIALES,(4)8280035
Terminacion y acabado de edificios y obras de ingenieria civil,APARTADO,ANTIOQUIA,CALLE 75 98 A 01,https://empresite.eleconomistaamerica.co/MULTISERVICIOS-ESPECIALES-OGC-URABA-2020-SAS.html,MULTISERVICIOS ESPECIALES OGC URABA 2020 S A S,CAFES-ESPECIALES,3046610960
Comercio al por mayor de materiales de construccion articulos de ferreteria pinturas productos de vidrio equipo y materiales de fontaneria y calefaccion,MEDELLIN,ANTIOQUIA,CALLE 19 A 43 B 41,https://empresite.eleconomistaamerica.co/DESTILADOS-SOLVENTES-SA.html,CACHARRERIA MUNDIAL S A S,CAFE-ESPECIAL,(4)2619100
Comercio al por mayor de productos alimenticios,SALGAR,ANTIOQUIA,CALLE 30 28 69,https://empresite.eleconomistaamerica.co/COOPERATIVA-CAFICULTORES-SALGAR.html,COOPERATIVA DE CAFICULTORES DE SALGAR,CAFE-ESPECIAL,(4)8442029
Comercio al por mayor de productos alimenticios,LA ESTRELLA,ANTIOQUIA,CALLE 91 SUR 55 110,https://empresite.eleconomistaamerica.co/CAFES-ESPECIALES-MONTANA-SAS.html,CAFES ESPECIALES DE MONTANA S A S,CAFE-ESPECIAL,(4)5207220
Comercio al por menor de otros productos alimenticios n c p en establecimientos especializados,SEGOVIA,ANTIOQUIA,CALLE 52 A 43 B 06 BR GALAN,https://empresite.eleconomistaamerica.co/ESPECIAL-EAT.html,LA ESPECIAL E A T,CAFE-ESPECIAL,3127791768
Transporte de pasajeros,SAN PEDRO,ANTIOQUIA,CARRERA 50 47 51,https://empresite.eleconomistaamerica.co/ESPECIALTUR-SAS.html,ESPECIALTUR S A S,CAFE-ESPECIAL,3147988891
Actividades de apoyo diagnostico,MEDELLIN,ANTIOQUIA,CARRERA 52 29 AA 36,https://empresite.eleconomistaamerica.co/ESPECIALISTAS-EU.html,ESPECIALISTAS Y ESPECIALISTAS E U,CAFE-ESPECIAL,(4)2359225
Descafeinado tostion y molienda del cafe,MEDELLIN,ANTIOQUIA,CARRERA 90 A 44 B 17,https://empresite.eleconomistaamerica.co/ASOCIACION-PRODUCTORES-CAFE-ESPECIAL-CAFESA.html,ASOCIACION DE PRODUCTORES DE CAFE ESPECIAL CAFESA,CAFE-ESPECIAL,(4)2529090
Comercio al por mayor de maquinaria y equipo agropecuarios,MEDELLIN,ANTIOQUIA,CARRERA 45 14 198,https://empresite.eleconomistaamerica.co/ESPECIAL-INSUMOS-SA.html,ESPECIAL INSUMOS S A,CAFE-ESPECIAL,(4)3122844
Comercio al por menor de electrodomesticos y gasodomesticos de uso domestico muebles y equipos de iluminacion,MEDELLIN,ANTIOQUIA,CARRERA 30 27 A 21 SAN DIE,https://empresite.eleconomistaamerica.co/ESPECIAL-WORK-SAS.html,ESPECIAL WORK S A S,CAFE-ESPECIAL,(4)2175584
Cultivo de cafe,MEDELLIN,ANTIOQUIA,CALLE 15 A 30 170,https://empresite.eleconomistaamerica.co/SAN-PELEGRINO-CAFES-ESPECIALES-SAS.html,SAN PELEGRINO CAFES ESPECIALES S A S,CAFE-ESPECIAL,(4)3126364
Actividades de otras asociaciones n c p,TAMESIS,ANTIOQUIA,CARRERA 11 12 68,https://empresite.eleconomistaamerica.co/ASOCIACION-CAMPESINA-CAFE-ESPECIAL-TAMESIS-ANTIOQUIA.html,ASOCIACION CAMPESINA DE CAFE ESPECIAL TAMESIS ANTIOQUIA,CAFE-ESPECIAL,3163995229
Actividades de otras asociaciones n c p,TITIRIBI,ANTIOQUIA,CORREGIDURIA LA MESETA FINCA FRAMNA 1,https://empresite.eleconomistaamerica.co/ASOCIACION-PRODUCTORES-COMERCIANTES-CAFES-ESPECIALES-SOL-CAMPO.html,ASOCIACION DE PRODUCTORES Y COMERCIANTES DE CAFES ESPECIALES SOL DEL CAMPO,CAFE-ESPECIAL,3114292857
Descafeinado tostion y molienda del cafe,ANGOSTURA,ANTIOQUIA,CARRERA 8 10 27,https://empresite.eleconomistaamerica.co/ASOCIACION-AGRICULTORES-CAFICULTORES-CAFES-ESPECIALES-ANGOSTURA.html,ASOCIACION DE AGRICULTORES Y CAFICULTORES DE CAFES ESPECIALES DE ANGOSTURA,CAFE-ESPECIAL,3234448910
Actividades de otras asociaciones n c p,URRAO,ANTIOQUIA,VEREDA PAVÓN,https://empresite.eleconomistaamerica.co/ASOCIACION-CAFES-ESPECIALES-PARAISO.html,ASOCIACION CAFES ESPECIALES DEL PARAISO,CAFE-ESPECIAL,3502808344
Cultivo de cafe,MEDELLIN,ANTIOQUIA,CALLE 16 B 32 50 INT 9944,https://empresite.eleconomistaamerica.co/SAN-LUIS-CAFE-ESPECIAL-SAS.html,SAN LUIS CAFE ESPECIAL S A S,CAFE-ESPECIAL,3015319862
Cultivo de cafe,BARBOSA,ANTIOQUIA,CARRERA 21 11 30,https://empresite.eleconomistaamerica.co/ASOCIACION-PRODUCTORES-CAFES-ESPECIALES-BARBOSA-ANTIOQUIA.html,ASOCIACION DE PRODUCTORES DE CAFES ESPECIALES DE BARBOSA ANTIOQUIA,CAFE-ESPECIAL,3116220773
Descafeinado tostion y molienda del cafe,MEDELLIN,ANTIOQUIA,CARRERA 79 41 SUR 60 INT 2,https://empresite.eleconomistaamerica.co/GRUPO-ANTIOQUENO-CAFES-ESPECIALES-SAS.html,GRUPO ANTIOQUENO DE CAFES ESPECIALES S A S,CAFE-ESPECIAL,3104647161
Comercio al por mayor de productos alimenticios,ENVIGADO,ANTIOQUIA,CARRERA 44 A 30 SUR 40,https://empresite.eleconomistaamerica.co/COMERCIALIZADORA-INTERNACIONAL-CAFES-ESPECIALES-ORTIZ-ECHEVERRI-LTDA.html,COMERCIALIZADORA INTERNACIONAL DE CAFES ESPECIALES ORTIZ Y ECHEVERRI LTDA,CAFE-ESPECIAL,(4)3330135
Cultivo de cafe,MEDELLIN,ANTIOQUIA,CARRERA 111 38 18,https://empresite.eleconomistaamerica.co/CAFE-BOU-SAS.html,CAFE BOU S A S,CAFE-ESPECIAL,(4)5701842
Expendio a la mesa de comidas preparadas,MEDELLIN,ANTIOQUIA,CALLE 48 F SUR  40 03,https://empresite.eleconomistaamerica.co/CAFE-ABATE-SAS.html,CAFE EL ABATE S A S,CAFE-ESPECIAL,3127772935
Descafeinado tostion y molienda del cafe,JARDIN,ANTIOQUIA,CARRERA 2 A 3 20,https://empresite.eleconomistaamerica.co/CAFE-JARDIN-SAS.html,CAFE DE JARDIN S A S,CAFE-ESPECIAL,(4)8455767
Expendio de comidas preparadas en cafeterias,JERICO,ANTIOQUIA,CALLE 7 4 14,https://empresite.eleconomistaamerica.co/CAFE-LAURA-SAS.html,CAFE DE LAURA SAS,CAFE-ESPECIAL,3003750812
Cultivo de cafe,MEDELLIN,ANTIOQUIA,CARRERA 43 A 1 SUR 188 OF906,https://empresite.eleconomistaamerica.co/CAFE-BOTON-LTDA.html,CAFE EL BOTON S A S,CAFE-ESPECIAL,(4)2681601
Descafeinado tostion y molienda del cafe,CIUDAD BOLIVAR,ANTIOQUIA,CARRERA 50 52 06,https://empresite.eleconomistaamerica.co/CAFEEXCOL-SAS.html,CAFEEXCOL S A S,CAFE-ESPECIAL,3154823650
Comercio al por mayor de productos alimenticios,MEDELLIN,ANTIOQUIA,CALLE 7 80 75 INTERIOR,https://empresite.eleconomistaamerica.co/CAFETALERO-SAS.html,CAFETALERO S A S,CAFE-ESPECIAL,3218316377
Comercio al por menor de otros productos alimenticios n c p en establecimientos especializados,MEDELLIN,ANTIOQUIA,CARRERA 64 D 75 05,https://empresite.eleconomistaamerica.co/CAFE-PRAGA-SAS.html,CAFE PRAGA S A S,CAFE-ESPECIAL,3183374686
Trilla de cafe,CAICEDO,ANTIOQUIA,CALLE 4 4 07,https://empresite.eleconomistaamerica.co/CAFE-MONTANA-SAS.html,CAFE LA MONTANA S A S,CAFE-ESPECIAL,3147482358
Actividades inmobiliarias realizadas con bienes propios o arrendados,MEDELLIN,ANTIOQUIA,CALLE 5 A 33 06 CASA 5,https://empresite.eleconomistaamerica.co/CAFE-MANILA-SAS.html,CAFE MANILA S A S,CAFE-ESPECIAL,(4)4132825
Expendio a la mesa de comidas preparadas,SABANETA,ANTIOQUIA,CALLE 69 SUR 45 27,https://empresite.eleconomistaamerica.co/CAFE-MORENO-SAS.html,CAFE MORENO S A S,CAFE-ESPECIAL,(4)5993838
Actividades de administracion empresarial,MEDELLIN,ANTIOQUIA,CALLE 5 A 35 86 APTO 701,https://empresite.eleconomistaamerica.co/CAFERSA-SAS.html,CAFERSA S A S,CAFE-ESPECIAL,(4)3721313
Expendio a la mesa de comidas preparadas,MEDELLIN,ANTIOQUIA,CARRERA 43 A 6 SUR 15,https://empresite.eleconomistaamerica.co/CAFE-LE-GRIS-SA.html,CAFE LE GRIS S A,CAFE-ESPECIAL,(4)3112445
Comercio al por menor de productos textiles en establecimientos especializados,MEDELLIN,ANTIOQUIA,,https://empresite.eleconomistaamerica.co/CAFE-MODA-LTDA.html,CAFE MODA LTDA,CAFE-ESPECIAL,
Comercio al por menor de prendas de vestir y sus accesorios (incluye articulos de piel) en establecimientos especializados,MEDELLIN,ANTIOQUIA,,https://empresite.eleconomistaamerica.co/CAFE-SPORT-LTDA.html,CAFE SPORT LTDA,CAFE-ESPECIAL,
Expendio a la mesa de comidas preparadas,MEDELLIN,ANTIOQUIA,CARRERA 39 8 100,https://empresite.eleconomistaamerica.co/CAFE-ORLEANS-SA.html,CAFE ORLEANS S A,CAFE-ESPECIAL,(4)3520268
Comercio al por mayor de materias primas agropecuarias animales vivos,MEDELLIN,ANTIOQUIA,CALLE 9 43A 31 OF 213,https://empresite.eleconomistaamerica.co/CAFECREMA-EU.html,CAFECREMA E U EN LIQUIDACION,CAFE-ESPECIAL,(4)3521388
Expendio de comidas preparadas en cafeterias,MEDELLIN,ANTIOQUIA,CARRERA 66 48 B 07,https://empresite.eleconomistaamerica.co/CAFE-NOVA-LTDA.html,CAFE NOVA LTDA,CAFE-ESPECIAL,(4)2306953
Actividades posteriores a la cosecha,BARBOSA,ANTIOQUIA,FINCA LAS DELICIAS VEREDA LA CHORRERA,https://empresite.eleconomistaamerica.co/CAFE-TALEGA-SAS.html,CAFE LA TALEGA S A S,CAFE-ESPECIAL,3218308505
Comercio al por mayor de materias primas agropecuarias animales vivos,FREDONIA,ANTIOQUIA,VEREDA LA TOSCANA,https://empresite.eleconomistaamerica.co/CAFE-CIMA-SAS.html,CAFE DE LA CIMA S A S,CAFE-ESPECIAL,(4)8422106
Comercio al por mayor de productos quimicos basicos cauchos y plasticos en formas primarias y productos quimicos de uso agropecuario,JERICO,ANTIOQUIA,CARRERA 5 8 22,https://empresite.eleconomistaamerica.co/CAFEAGRO-SAS.html,CAFEAGRO S A S,CAFE-ESPECIAL,(4)8523523
Comercio al por menor de articulos de ferreteria pinturas y productos de vidrio en establecimientos especializados,MEDELLIN,ANTIOQUIA,CALLE 44 63 A 96,https://empresite.eleconomistaamerica.co/VENTANAS-PUERTAS-LTDA.html,VENTANAS Y PUERTAS S A S,CAFE-ESPECIAL,(4)2303030
Transporte de carga por carretera,ITAGUI,ANTIOQUIA,CARRERA 42 75 63,https://empresite.eleconomistaamerica.co/EDUARDO-BOTERO-SOTO-CIA-LTDA.html,EDUARDO BOTERO SOTO S A,CAFE-ESPECIAL,(4)5765555
Actividades de hospitales y clinicas con internacion,MEDELLIN,ANTIOQUIA,CARRERA 80 C 32 EE 31,https://empresite.eleconomistaamerica.co/ESPECIALISTAS-CIRUGIA-SAS.html,ESPECIALISTAS EN CIRUGIA S A S,CAFE-ESPECIAL,3004041486
Actividades inmobiliarias realizadas con bienes propios o arrendados,MEDELLIN,ANTIOQUIA,CARRERA 45 14 198,https://empresite.eleconomistaamerica.co/ESPECIAL-INMOBILIARIA-SAS.html,ESPECIAL INMOBILIARIA S A S,CAFE-ESPECIAL,(4)3112121
Actividades de la practica odontologica,MEDELLIN,ANTIOQUIA,CALLE 54 45 63 CONSULTOR,https://empresite.eleconomistaamerica.co/ESPECIALISTAS-SONRISAS-SAS.html,ESPECIALISTAS EN SONRISAS S A S,CAFE-ESPECIAL,(4)5131813
Otros cultivos permanentes n c p,MEDELLIN,ANTIOQUIA,CALLE 50 73 52,https://empresite.eleconomistaamerica.co/ESPECIALISTAS-FLORES-SAS.html,ESPECIALISTAS EN FLORES S A S,CAFE-ESPECIAL,(4)2600800
Actividades de la practica medica sin internacion,MEDELLIN,ANTIOQUIA,CARRERA 46 47 66 LC 2068,https://empresite.eleconomistaamerica.co/ESPECIALISTAS-SALUD-IPS-SAS.html,ESPECIALISTAS EN SALUD IPS S A S,CAFE-ESPECIAL,3016789818
Procesamiento y conservacion de carne y productos carnicos,MEDELLIN,ANTIOQUIA,CARRERA 42 14 90,https://empresite.eleconomistaamerica.co/ESPECIALISTAS-CARNICOS-SAS.html,ESPECIALISTAS CARNICOS S A S,CAFE-ESPECIAL,3113004897
Fabricacion de productos metalicos para uso estructural,RIONEGRO,ANTIOQUIA,CARRERA 55 46 60,https://empresite.eleconomistaamerica.co/ESPECIALISTAS-ALTURAS-SAS.html,ESPECIALISTAS EN ALTURAS S A S,CAFE-ESPECIAL,3122792521
Organizacion de convenciones y eventos comerciales,MEDELLIN,ANTIOQUIA,CARRERA 15 A 9 A 23 EDIFICIO,https://empresite.eleconomistaamerica.co/ESPECIALISTAS-EVENTOS-SAS.html,ESPECIALISTAS EN EVENTOS S A S,CAFE-ESPECIAL,3122581733
Actividades de la practica medica sin internacion,MEDELLIN,ANTIOQUIA,CARRERA 48 20 34,https://empresite.eleconomistaamerica.co/ESPECIALISTAS-RADIOLOGIA-SAS.html,ESPECIALISTAS EN RADIOLOGIA ESPECTRA S A S,CAFE-ESPECIAL,(4)4488227
Expendio a la mesa de comidas preparadas,MEDELLIN,ANTIOQUIA,CALLE 43 D 120 05,https://empresite.eleconomistaamerica.co/ESPECIALISTAS-TU-COCINA-SAS.html,ESPECIALISTAS EN TU COCINA S A S,CAFE-ESPECIAL,(4)2516846
Actividades de servicios relacionados con la impresion,MEDELLIN,ANTIOQUIA,CARRERA 45 14 198,https://empresite.eleconomistaamerica.co/ESPECIAL-PREPRESS-LTDA.html,ESPECIAL PREPRESS LTDA,CAFE-ESPECIAL,(4)3112699
Edicion de libros,MEDELLIN,ANTIOQUIA,CARRERA 45 14 198,https://empresite.eleconomistaamerica.co/ESPECIAL-IMPRESORES-LTDA.html,ESPECIAL IMPRESORES S A S,CAFE-ESPECIAL,(4)3112121
Actividades de arquitectura e ingenieria y otras actividades conexas de consultoria tecnica,MEDELLIN,ANTIOQUIA,CARRERA 43 A 1 A SUR 143,https://empresite.eleconomistaamerica.co/ORGANIZACION-INGENIERIA-INTERNACIONAL-SA.html,ODINSA S A,CAFE-ESPECIAL,(4)3158400
Comercio al por menor de articulos de segunda mano,MEDELLIN,ANTIOQUIA,CARRERA 43 C 9 46,https://empresite.eleconomistaamerica.co/CAFE-ANTICUARIA-LTDA.html,CAFE DE LA ANTICUARIA LTDA,CAFE-ESPECIAL,(4)2689991
Expendio por autoservicio de comidas preparadas,MEDELLIN,ANTIOQUIA,CARRERA 52 43 39,https://empresite.eleconomistaamerica.co/CAFE-ESTACION-LTDA.html,CAFE DE LA ESTACION LTDA,CAFE-ESPECIAL,(4)2510187
Comercio al por mayor de productos alimenticios,MEDELLIN,ANTIOQUIA,CALLE 49 50 21 OF 1904,https://empresite.eleconomistaamerica.co/CAFE-FRONTERAS-SAS.html,CAFE SIN FRONTERAS S A S,CAFE-ESPECIAL,(4)5127169
Expendio de comidas preparadas en cafeterias,MEDELLIN,ANTIOQUIA,CALLE 45 53 50 CENTRO CO,https://empresite.eleconomistaamerica.co/CAFE-YERBABUENA-SAS.html,CAFE YERBABUENA S A S,CAFE-ESPECIAL,3017548271
Expendio a la mesa de comidas preparadas,MEDELLIN,ANTIOQUIA,CARRERA 43 A 12 40,https://empresite.eleconomistaamerica.co/CAFES-CREPES-LTDA.html,CAFES Y CREPES LTDA,CAFE-ESPECIAL,(4)2666638
Comercio al por mayor de materias primas agropecuarias animales vivos,MEDELLIN,ANTIOQUIA,CARRERA 35 7 114,https://empresite.eleconomistaamerica.co/CAFE-MI-FINCA-LTDA.html,CAFE DE MI FINCA LTDA,CAFE-ESPECIAL,(4)3117232
Comercio al por mayor de materias primas agropecuarias animales vivos,MEDELLIN,ANTIOQUIA,CARRERA 76 34A 29,https://empresite.eleconomistaamerica.co/CAFE-MONTANA-LTDA.html,CAFE DE LA MONTANA LTDA,CAFE-ESPECIAL,(4)4129741
Comercio al por mayor de productos alimenticios,ENVIGADO,ANTIOQUIA,CARRERA 42 B 23 A SUR 77 AP 102,https://empresite.eleconomistaamerica.co/CAFE-LACOROLA-SAS.html,CAFE LACOROLA S A S,CAFE-ESPECIAL,3017440455
Comercio al por mayor de materias primas agropecuarias animales vivos,BETANIA,ANTIOQUIA,CALLE 20 20 30,https://empresite.eleconomistaamerica.co/CAFE-CORDILLERAS-SAS.html,CAFE DE LAS CORDILLERAS S A S,CAFE-ESPECIAL,(4)8435241
Descafeinado tostion y molienda del cafe,MEDELLIN,ANTIOQUIA,CALLE 44 77 85 AP 201,https://empresite.eleconomistaamerica.co/CAFE-ARAGONES-SAS.html,CAFE ARAGONES S A S,CAFE-ESPECIAL,3105942021
Expendio de comidas preparadas en cafeterias,MEDELLIN,ANTIOQUIA,CARRERA 48 C 16 A SUR 50 APT,https://empresite.eleconomistaamerica.co/CAFE-ESPRESSION-SAS.html,CAFE ESPRESSION S A S,CAFE-ESPECIAL,(4)5061934
Cultivo de cafe,MEDELLIN,ANTIOQUIA,CALLE 45 D 71 70 PISO 3,https://empresite.eleconomistaamerica.co/CAFE-DINAMARKA-SAS.html,CAFE DINAMARKA S A S,CAFE-ESPECIAL,
Expendio de comidas preparadas en cafeterias,MEDELLIN,ANTIOQUIA,CALLE 49 53 79,https://empresite.eleconomistaamerica.co/CAFE-JUANCHOS-LTDA.html,CAFE JUANCHOS LTDA,CAFE-ESPECIAL,(4)5135885
Comercio al por mayor de otros tipos de maquinaria y equipo n c p,MEDELLIN,ANTIOQUIA,CALLE 49 B 77 B 86,https://empresite.eleconomistaamerica.co/CAFE-VENETTO-LTDA.html,CAFE VENETTO LTDA,CAFE-ESPECIAL,(4)5132060
Expendio de bebidas alcoholicas para el consumo dentro del establecimiento,SABANETA,ANTIOQUIA,CALLE 70 SUR 44 25,https://empresite.eleconomistaamerica.co/CAFE-SITIO-VIEJO-SAS.html,CAFE SITIO VIEJO S A S,CAFE-ESPECIAL,3117462953
Actividades de arquitectura e ingenieria y otras actividades conexas de consultoria tecnica,MEDELLIN,ANTIOQUIA,CARRERA 66 D 32 B 24,https://empresite.eleconomistaamerica.co/ESPECIALISTAS-INGENIERIA-MEDIO-AMBIENTE-SERVICIOS-SAS.html,ESPECIALISTAS EN INGENIERIA MEDIO AMBIENTE Y SERVICIOS S A S,CAFE-ESPECIAL,3007818505
Actividades de contabilidad teneduria de libros auditoria financiera y asesoria tributaria,MEDELLIN,ANTIOQUIA,CALLE 50 46 36 OFICINA 1,https://empresite.eleconomistaamerica.co/ESPECIALISTAS-CONSULTORES-INTEGRADOS-SAS.html,ESPECIALISTAS Y CONSULTORES INTEGRADOS S A S,CAFE-ESPECIAL,(4)4488661
Actividades de consultaria de gestion,MEDELLIN,ANTIOQUIA,CALLE 33 76 41,https://empresite.eleconomistaamerica.co/ESPECIALISTAS-EDUCACION-SEGURIDAD-VIAL-SAS.html,ESPECIALISTAS EN EDUCACION Y SEGURIDAD VIAL S A S,CAFE-ESPECIAL,(4)4446475
Actividades de hospitales y clinicas con internacion,BELLO,ANTIOQUIA,AVENIDA 34 51 03,https://empresite.eleconomistaamerica.co/ESPECIALIDADES-MEDICAS-METROPOLITANAS-SA.html,ESPECIALIDADES MEDICAS METROPOLITANAS S A,CAFE-ESPECIAL,(4)4488980
Fabricacion de partes piezas (autopartes) y accesorios (lujos) para vehiculos automotores,MEDELLIN,ANTIOQUIA,CARRERA 57 28 53,https://empresite.eleconomistaamerica.co/ESPECIALISTAS-PARTES-PARA-MOTOS-SAS.html,ESPECIALISTAS EN PARTES PARA MOTOS S A S,CAFE-ESPECIAL,(4)2351570
Actividades de arquitectura e ingenieria y otras actividades conexas de consultoria tecnica,MEDELLIN,ANTIOQUIA,CALLE 47 C 83 05,https://empresite.eleconomistaamerica.co/ESPECIALISTAS-GEOTECNIA-GESTION-AMBIENTAL-SAS.html,ESPECIALISTAS EN GEOTECNIA Y GESTION AMBIENTAL S A S,CAFE-ESPECIAL,(4)3221084
Otras actividades de servicio de apoyo a las empresas n c p,ITAGUI,ANTIOQUIA,CARRERA 42 54 A 71 BG 141,https://empresite.eleconomistaamerica.co/ESPECIALISTAS-ALTURAS-SUPENSION-TRABAJOS-ALTOS-RIESGOS-VERTICALES-SAS.html,ESPECIALISTAS EN ALTURAS SUPENSION TRABAJOS DE ALTOS RIESGOS Y VERTICALES S A S,CAFE-ESPECIAL,(4)3221411
Actividades de la practica medica sin internacion,BELLO,ANTIOQUIA,DIAGONAL 50 A 42 95,https://empresite.eleconomistaamerica.co/ESPECIALISTAS-SEGURIDAD-SALUD-LABORAL-SOCIEDAD-ACCIONES-SIMPLIFICADA.html,ESPECIALISTAS EN SEGURIDAD Y SALUD LABORAL SOCIEDAD POR ACCIONES SIMPLIFICADA,CAFE-ESPECIAL,(4)4820073
Transporte de pasajeros,RIONEGRO,ANTIOQUIA,CARRERA 61 A 47 41 RIONEGR,https://empresite.eleconomistaamerica.co/ESPECIALES-TRANSGIREN-TOURS-SAS.html,ESPECIALES TRANSGIREN TOURS SAS,CAFE-ESPECIAL,3148645206
Actividades de desarrollo de sistemas informaticos (planificacion analisis diseño programacion pruebas),MEDELLIN,ANTIOQUIA,CALLE 5 SUR  22 290,https://empresite.eleconomistaamerica.co/ESPECIALISTAS-TECNOLOGIAS-INFORMACION-COMUNICACIONES-SAS.html,ESPECIALISTAS EN TECNOLOGIAS DE LA INFORMACION Y LAS COMUNICACIONES S A S,CAFE-ESPECIAL,3002016473
Instalaciones de fontaneria calefaccion y aire acondicionado,MEDELLIN,ANTIOQUIA,CARRERA 80 AA 20 A 8 INT 301,https://empresite.eleconomistaamerica.co/ESPECIALISTAS-TU-SERVICIO-SAS.html,ESPECIALISTAS A TU SERVICIO S A S,CAFE-ESPECIAL,(4)2931208
Actividades juridicas,MEDELLIN,ANTIOQUIA,CARRERA 50 50 14 OF 1108,https://empresite.eleconomistaamerica.co/ESPECIALISTAS-COBRANZAS-NIVEL-NACIONAL-LTDA-ESCONAL.html,ESPECIALISTAS EN COBRANZAS A NIVEL NACIONAL LTDA ESCONAL LTDA,CAFE-ESPECIAL,(4)5117260
Comercio al por menor de articulos de ferreteria pinturas y productos de vidrio en establecimientos especializados,MEDELLIN,ANTIOQUIA,CALLE 50 55 80,https://empresite.eleconomistaamerica.co/ESPECIALIDADES-ELECTRICAS-MEDELLIN-LTDA.html,ESPECIALIDADES ELECTRICAS DE MEDELLIN LTDA,CAFE-ESPECIAL,(4)2312255
Actividades de apoyo terapeutico,MEDELLIN,ANTIOQUIA,,https://empresite.eleconomistaamerica.co/ESPECIALISTA-CASA-SALUD-DOMICILIARIA-SAS.html,ESPECIALISTA EN CASA SALUD DOMICILIARIA S A S,CAFE-ESPECIAL,3146395393
Actividades de la practica medica sin internacion,RIONEGRO,ANTIOQUIA,CARRERA 55 A 35 251 CITY MEDICA,https://empresite.eleconomistaamerica.co/ESPECIALIDADES-MEDICAS-ANTIOQUIA-SAS.html,ESPECIALIDADES MEDICAS DE ANTIOQUIA S A S,CAFE-ESPECIAL,3226442915
Construccion de edificios residenciales,MEDELLIN,ANTIOQUIA,CALLE 58 A 29 7,https://empresite.eleconomistaamerica.co/ESPECIALISTAS-DISENOS-CONSTRUCCIONES-LTDA.html,ESPECIALISTAS EN DISENOS Y CONSTRUCCIONES LTDA,CAFE-ESPECIAL,(4)2841435
Actividades de la practica medica sin internacion,RIONEGRO,ANTIOQUIA,CALLE 43 56 16 BARRIO LA FLORIDA,https://empresite.eleconomistaamerica.co/ESPECIALISTAS-MEDICOS-ASOCIADOS-ANTIOQUIA-SA.html,ESPECIALISTAS MEDICOS ASOCIADOS DE ANTIOQUIA S A,CAFE-ESPECIAL,3127802803
Fabricacion de productos farmaceuticos sustancias quimicas medicinales y productos botanicos de uso farmaceutico,MEDELLIN,ANTIOQUIA,CALLE 38 A 80 53 INTERIOR,https://empresite.eleconomistaamerica.co/ESPECIALISTAS-FARMACEUTICOS-SAS.html,ESPECIALISTAS FARMACEUTICOS S A S,CAFE-ESPECIAL,(4)5208060
Actividades de consultaria de gestion,ANDES,ANTIOQUIA,CARRERA 50 49 75 OF 204,https://empresite.eleconomistaamerica.co/ESPECIALISTAS-GESTION-APOYO-SAS.html,ESPECIALISTAS EN GESTION Y APOYO S A S,CAFE-ESPECIAL,(4)8415713
Actividades de la practica medica sin internacion,MEDELLIN,ANTIOQUIA,CALLE 42 B 63 C 45,https://empresite.eleconomistaamerica.co/ESPECIALISTAS-QUIRURGICOS-IMAGENOLOGIA-SAS.html,ESPECIALISTAS QUIRURGICOS E IMAGENOLOGIA S A S,CAFE-ESPECIAL,(4)2651500
Actividades de apoyo a la ganaderia,MEDELLIN,ANTIOQUIA,CALLE 10 B 36 32 OF 601,https://empresite.eleconomistaamerica.co/ESPECIALISTAS-PRODUCCION-GANADERA-SAS.html,ESPECIALISTAS EN PRODUCCION GANADERA S A S,CAFE-ESPECIAL,3173679710
Comercio al por mayor de productos alimenticios,SALGAR,ANTIOQUIA,CALLE 30 28 69,https://empresite.eleconomistaamerica.co/COOPERATIVA-CAFICULTORES-SALGAR.html,COOPERATIVA DE CAFICULTORES DE SALGAR,CAFE-ORGANICO,(4)8442029
Cultivo de hortalizas raices y tuberculos,RIONEGRO,ANTIOQUIA,VEREDA CABECERAS DE LLANOGRANDE,https://empresite.eleconomistaamerica.co/ORGANICOS-SAN-SEBASTIAN-SAS.html,ORGANICOS SAN SEBASTIAN S A S,CAFE-ORGANICO,(4)5625901
Cultivo de cafe,MEDELLIN,ANTIOQUIA,CARRERA 111 38 18,https://empresite.eleconomistaamerica.co/CAFE-BOU-SAS.html,CAFE BOU S A S,CAFE-ORGANICO,(4)5701842
Expendio a la mesa de comidas preparadas,MEDELLIN,ANTIOQUIA,CALLE 48 F SUR  40 03,https://empresite.eleconomistaamerica.co/CAFE-ABATE-SAS.html,CAFE EL ABATE S A S,CAFE-ORGANICO,3127772935
Descafeinado tostion y molienda del cafe,JARDIN,ANTIOQUIA,CARRERA 2 A 3 20,https://empresite.eleconomistaamerica.co/CAFE-JARDIN-SAS.html,CAFE DE JARDIN S A S,CAFE-ORGANICO,(4)8455767
Expendio de comidas preparadas en cafeterias,JERICO,ANTIOQUIA,CALLE 7 4 14,https://empresite.eleconomistaamerica.co/CAFE-LAURA-SAS.html,CAFE DE LAURA SAS,CAFE-ORGANICO,3003750812
Cultivo de cafe,MEDELLIN,ANTIOQUIA,CARRERA 43 A 1 SUR 188 OF906,https://empresite.eleconomistaamerica.co/CAFE-BOTON-LTDA.html,CAFE EL BOTON S A S,CAFE-ORGANICO,(4)2681601
Descafeinado tostion y molienda del cafe,CIUDAD BOLIVAR,ANTIOQUIA,CARRERA 50 52 06,https://empresite.eleconomistaamerica.co/CAFEEXCOL-SAS.html,CAFEEXCOL S A S,CAFE-ORGANICO,3154823650
Comercio al por mayor de productos alimenticios,MEDELLIN,ANTIOQUIA,CALLE 7 80 75 INTERIOR,https://empresite.eleconomistaamerica.co/CAFETALERO-SAS.html,CAFETALERO S A S,CAFE-ORGANICO,3218316377
Comercio al por menor de otros productos alimenticios n c p en establecimientos especializados,MEDELLIN,ANTIOQUIA,CARRERA 64 D 75 05,https://empresite.eleconomistaamerica.co/CAFE-PRAGA-SAS.html,CAFE PRAGA S A S,CAFE-ORGANICO,3183374686
Trilla de cafe,CAICEDO,ANTIOQUIA,CALLE 4 4 07,https://empresite.eleconomistaamerica.co/CAFE-MONTANA-SAS.html,CAFE LA MONTANA S A S,CAFE-ORGANICO,3147482358
Actividades inmobiliarias realizadas con bienes propios o arrendados,MEDELLIN,ANTIOQUIA,CALLE 5 A 33 06 CASA 5,https://empresite.eleconomistaamerica.co/CAFE-MANILA-SAS.html,CAFE MANILA S A S,CAFE-ORGANICO,(4)4132825
Expendio a la mesa de comidas preparadas,SABANETA,ANTIOQUIA,CALLE 69 SUR 45 27,https://empresite.eleconomistaamerica.co/CAFE-MORENO-SAS.html,CAFE MORENO S A S,CAFE-ORGANICO,(4)5993838
Actividades de administracion empresarial,MEDELLIN,ANTIOQUIA,CALLE 5 A 35 86 APTO 701,https://empresite.eleconomistaamerica.co/CAFERSA-SAS.html,CAFERSA S A S,CAFE-ORGANICO,(4)3721313
Expendio a la mesa de comidas preparadas,MEDELLIN,ANTIOQUIA,CARRERA 43 A 6 SUR 15,https://empresite.eleconomistaamerica.co/CAFE-LE-GRIS-SA.html,CAFE LE GRIS S A,CAFE-ORGANICO,(4)3112445
Comercio al por menor de productos textiles en establecimientos especializados,MEDELLIN,ANTIOQUIA,,https://empresite.eleconomistaamerica.co/CAFE-MODA-LTDA.html,CAFE MODA LTDA,CAFE-ORGANICO,
Comercio al por menor de prendas de vestir y sus accesorios (incluye articulos de piel) en establecimientos especializados,MEDELLIN,ANTIOQUIA,,https://empresite.eleconomistaamerica.co/CAFE-SPORT-LTDA.html,CAFE SPORT LTDA,CAFE-ORGANICO,
Expendio a la mesa de comidas preparadas,MEDELLIN,ANTIOQUIA,CARRERA 39 8 100,https://empresite.eleconomistaamerica.co/CAFE-ORLEANS-SA.html,CAFE ORLEANS S A,CAFE-ORGANICO,(4)3520268
Comercio al por mayor de materias primas agropecuarias animales vivos,MEDELLIN,ANTIOQUIA,CALLE 9 43A 31 OF 213,https://empresite.eleconomistaamerica.co/CAFECREMA-EU.html,CAFECREMA E U EN LIQUIDACION,CAFE-ORGANICO,(4)3521388
Expendio de comidas preparadas en cafeterias,MEDELLIN,ANTIOQUIA,CARRERA 66 48 B 07,https://empresite.eleconomistaamerica.co/CAFE-NOVA-LTDA.html,CAFE NOVA LTDA,CAFE-ORGANICO,(4)2306953
Actividades posteriores a la cosecha,BARBOSA,ANTIOQUIA,FINCA LAS DELICIAS VEREDA LA CHORRERA,https://empresite.eleconomistaamerica.co/CAFE-TALEGA-SAS.html,CAFE LA TALEGA S A S,CAFE-ORGANICO,3218308505
Comercio al por mayor de materias primas agropecuarias animales vivos,FREDONIA,ANTIOQUIA,VEREDA LA TOSCANA,https://empresite.eleconomistaamerica.co/CAFE-CIMA-SAS.html,CAFE DE LA CIMA S A S,CAFE-ORGANICO,(4)8422106
Comercio al por mayor de productos quimicos basicos cauchos y plasticos en formas primarias y productos quimicos de uso agropecuario,JERICO,ANTIOQUIA,CARRERA 5 8 22,https://empresite.eleconomistaamerica.co/CAFEAGRO-SAS.html,CAFEAGRO S A S,CAFE-ORGANICO,(4)8523523
Actividades de arquitectura e ingenieria y otras actividades conexas de consultoria tecnica,MEDELLIN,ANTIOQUIA,CARRERA 43 A 1 A SUR 143,https://empresite.eleconomistaamerica.co/ORGANIZACION-INGENIERIA-INTERNACIONAL-SA.html,ODINSA S A,CAFE-ORGANICO,(4)3158400
Comercio al por menor de articulos de segunda mano,MEDELLIN,ANTIOQUIA,CARRERA 43 C 9 46,https://empresite.eleconomistaamerica.co/CAFE-ANTICUARIA-LTDA.html,CAFE DE LA ANTICUARIA LTDA,CAFE-ORGANICO,(4)2689991
Expendio por autoservicio de comidas preparadas,MEDELLIN,ANTIOQUIA,CARRERA 52 43 39,https://empresite.eleconomistaamerica.co/CAFE-ESTACION-LTDA.html,CAFE DE LA ESTACION LTDA,CAFE-ORGANICO,(4)2510187
Comercio al por mayor de productos alimenticios,MEDELLIN,ANTIOQUIA,CALLE 49 50 21 OF 1904,https://empresite.eleconomistaamerica.co/CAFE-FRONTERAS-SAS.html,CAFE SIN FRONTERAS S A S,CAFE-ORGANICO,(4)5127169
Expendio de comidas preparadas en cafeterias,MEDELLIN,ANTIOQUIA,CALLE 45 53 50 CENTRO CO,https://empresite.eleconomistaamerica.co/CAFE-YERBABUENA-SAS.html,CAFE YERBABUENA S A S,CAFE-ORGANICO,3017548271
Expendio a la mesa de comidas preparadas,MEDELLIN,ANTIOQUIA,CARRERA 43 A 12 40,https://empresite.eleconomistaamerica.co/CAFES-CREPES-LTDA.html,CAFES Y CREPES LTDA,CAFE-ORGANICO,(4)2666638
Comercio al por mayor de materias primas agropecuarias animales vivos,MEDELLIN,ANTIOQUIA,CARRERA 35 7 114,https://empresite.eleconomistaamerica.co/CAFE-MI-FINCA-LTDA.html,CAFE DE MI FINCA LTDA,CAFE-ORGANICO,(4)3117232
Comercio al por mayor de materias primas agropecuarias animales vivos,MEDELLIN,ANTIOQUIA,CARRERA 76 34A 29,https://empresite.eleconomistaamerica.co/CAFE-MONTANA-LTDA.html,CAFE DE LA MONTANA LTDA,CAFE-ORGANICO,(4)4129741
Comercio al por mayor de productos alimenticios,ENVIGADO,ANTIOQUIA,CARRERA 42 B 23 A SUR 77 AP 102,https://empresite.eleconomistaamerica.co/CAFE-LACOROLA-SAS.html,CAFE LACOROLA S A S,CAFE-ORGANICO,3017440455
Comercio al por mayor de materias primas agropecuarias animales vivos,BETANIA,ANTIOQUIA,CALLE 20 20 30,https://empresite.eleconomistaamerica.co/CAFE-CORDILLERAS-SAS.html,CAFE DE LAS CORDILLERAS S A S,CAFE-ORGANICO,(4)8435241
Descafeinado tostion y molienda del cafe,MEDELLIN,ANTIOQUIA,CALLE 44 77 85 AP 201,https://empresite.eleconomistaamerica.co/CAFE-ARAGONES-SAS.html,CAFE ARAGONES S A S,CAFE-ORGANICO,3105942021
Expendio de comidas preparadas en cafeterias,MEDELLIN,ANTIOQUIA,CARRERA 48 C 16 A SUR 50 APT,https://empresite.eleconomistaamerica.co/CAFE-ESPRESSION-SAS.html,CAFE ESPRESSION S A S,CAFE-ORGANICO,(4)5061934
Cultivo de cafe,MEDELLIN,ANTIOQUIA,CALLE 45 D 71 70 PISO 3,https://empresite.eleconomistaamerica.co/CAFE-DINAMARKA-SAS.html,CAFE DINAMARKA S A S,CAFE-ORGANICO,
Expendio de comidas preparadas en cafeterias,MEDELLIN,ANTIOQUIA,CALLE 49 53 79,https://empresite.eleconomistaamerica.co/CAFE-JUANCHOS-LTDA.html,CAFE JUANCHOS LTDA,CAFE-ORGANICO,(4)5135885
Comercio al por mayor de otros tipos de maquinaria y equipo n c p,MEDELLIN,ANTIOQUIA,CALLE 49 B 77 B 86,https://empresite.eleconomistaamerica.co/CAFE-VENETTO-LTDA.html,CAFE VENETTO LTDA,CAFE-ORGANICO,(4)5132060
Expendio de bebidas alcoholicas para el consumo dentro del establecimiento,SABANETA,ANTIOQUIA,CALLE 70 SUR 44 25,https://empresite.eleconomistaamerica.co/CAFE-SITIO-VIEJO-SAS.html,CAFE SITIO VIEJO S A S,CAFE-ORGANICO,3117462953
Expendio de bebidas alcoholicas para el consumo dentro del establecimiento,COPACABANA,ANTIOQUIA,CALLE 49 56 50,https://empresite.eleconomistaamerica.co/CAFE-NIGHT-BAR-VIP-EU.html,CAFE NIGHT BAR VIP E U EN LIQUIDACION,CAFE-ORGANICO,(4)4203568
Comercio al por mayor de productos alimenticios,ENVIGADO,ANTIOQUIA,CALLE 21 SUR 41 117 IN 420,https://empresite.eleconomistaamerica.co/CAFE-CASTILLO-SANTANA-SAS.html,CAFE CASTILLO DE SANTANA S A S,CAFE-ORGANICO,(4)3344148
Descafeinado tostion y molienda del cafe,BELLO,ANTIOQUIA,CARRERA 57 A 23 A 03,https://empresite.eleconomistaamerica.co/CAFE-MI-PUEBLO-BURITICA-SA.html,CAFE DE MI PUEBLO BURITICA S A,CAFE-ORGANICO,(4)2064583
Comercio al por menor de otros articulos domesticos en establecimientos especializados,MEDELLIN,ANTIOQUIA,CARRERA 48 36 59,https://empresite.eleconomistaamerica.co/CAFETERAS-EUREKA-SSAS.html,CAFETERAS EUREKA S S A S,CAFE-ORGANICO,(4)2321535
Cultivo de cafe,MEDELLIN,ANTIOQUIA,AUTOPISTA NORTE KM 20,https://empresite.eleconomistaamerica.co/CAFE-VICTORIA-GOLD-SAS.html,CAFE VICTORIA GOLD S A S,CAFE-ORGANICO,(4)2748082
,MEDELLIN,ANTIOQUIA,CALLE 54 86 A 35,https://empresite.eleconomistaamerica.co/CAFE-TOLIMA-DON-DIEGO-SAS.html,CAFÉ TOLIMA DON DIEGO SAS,CAFE-ORGANICO,
Comercio al por menor en establecimientos no especializados con surtido compuesto principalmente por alimentos bebidas o tabaco,CONCORDIA,ANTIOQUIA,CARRERA 20 19 61,https://empresite.eleconomistaamerica.co/CAFETERO-CONCORDIA-SAS.html,EL CAFETERO CONCORDIA S A S,CAFE-ORGANICO,(4)8446528
Catering para eventos,MEDELLIN,ANTIOQUIA,CARRERA 51 B 91 95,https://empresite.eleconomistaamerica.co/CAFE-VAINILLA-GOURMET-SAS.html,CAFE Y VAINILLA GOURMET S A S,CAFE-ORGANICO,3015318612
Expendio a la mesa de comidas preparadas,MEDELLIN,ANTIOQUIA,CARRERA 46 110 48,https://empresite.eleconomistaamerica.co/CAFE-RESTAURANTE-PARIS-SAS.html,CAFE RESTAURANTE PARIS S A S,CAFE-ORGANICO,3013206519
Cultivo de cafe,VENECIA,ANTIOQUIA,VEREDA MIRAFLORES FCA BOSQUE ADEN,https://empresite.eleconomistaamerica.co/CAFE-BOSQUE-ADENTRO-SAS.html,CAFE BOSQUE ADENTRO S A S,CAFE-ORGANICO,3235252503
Expendio de comidas preparadas en cafeterias,MEDELLIN,ANTIOQUIA,CALLE 55 37 08,https://empresite.eleconomistaamerica.co/CAFE-TIME-INTERNATIONAL-SAS.html,CAFE TIME INTERNATIONAL S A S,CAFE-ORGANICO,3007739168
,SAN ROQUE,ANTIOQUIA,CALLE 21 CR 17 41,https://empresite.eleconomistaamerica.co/CAFETAL-SAN-ROQUE-SAS.html,EL CAFETAL SAN ROQUE S A S,CAFE-ORGANICO,
,LA ESTRELLA,ANTIOQUIA,CALLE 91 SUR 55 110,https://empresite.eleconomistaamerica.co/CAFES-ESPECIALES-MONTANA-SAS.html,CAFES ESPECIALES DE MONTANA S A S,CAFE-ORGANICO,
Otros derivados del cafe,VENECIA,ANTIOQUIA,,https://empresite.eleconomistaamerica.co/CAFE-ARTESANAL-GRACIELA-SAS.html,CAFE ARTESANAL LA GRACIELA S A S,CAFE-ORGANICO,
,MEDELLIN,ANTIOQUIA,CALLE 73 72 A 20,https://empresite.eleconomistaamerica.co/CAFE-HELADOS-BLUE-SAS.html,CAFE Y HELADOS BLUE S A S,CAFE-ORGANICO,
Trilla de cafe,CALDAS,ANTIOQUIA,CARRERA 50 110 SUR 210,https://empresite.eleconomistaamerica.co/CAFE-ALMENDRA-SELECTA-SAS.html,CAFE ALMENDRA SELECTA S A S,CAFE-ORGANICO,(4)2787777
Descafeinado tostion y molienda del cafe,CONCORDIA,ANTIOQUIA,FINCA BELLAVISTA VEREDA SAN LUIS,https://empresite.eleconomistaamerica.co/CAFE-BELLAVISTA-CONCORDIA-SAS.html,CAFE BELLAVISTA CONCORDIA S A S,CAFE-ORGANICO,3136872181
,ENVIGADO,ANTIOQUIA,CALLE 38 S 43-26,https://empresite.eleconomistaamerica.co/CAFETERIAS-SALSAMENTARIAS-ENVIGADO-LTDA.html,CAFETERIAS Y SALSAMENTARIAS DE ENVIGADO LTDA,CAFE-ORGANICO,
,MEDELLIN,ANTIOQUIA,CALLE 19 80 77,https://empresite.eleconomistaamerica.co/CAFETERIAS-RESTAURANTES-ESCOLARES-SAS.html,CAFETERIAS Y RESTAURANTES ESCOLARES S A S,CAFE-ORGANICO,
Comercio al por menor de otros productos alimenticios n c p en establecimientos especializados,ENVIGADO,ANTIOQUIA,CALLE 27 D SUR 27 C 101,https://empresite.eleconomistaamerica.co/CAFE-PRESENTE-INVERSIONES-SAS.html,CAFE PRESENTE INVERSIONES S A S,CAFE-ORGANICO,(4)6024936
,ITAGUI,ANTIOQUIA,CARRERA 48 50 28,https://empresite.eleconomistaamerica.co/ABONOS-ORGANICOS-ORIENTE-SAS.html,ABONOS ORGANICOS DE ORIENTE S A S,CAFE-ORGANICO,
,MEDELLIN,ANTIOQUIA,VEREDA SAN JOSE DE LA MONTAÑA,https://empresite.eleconomistaamerica.co/DERIVADOS-CAFE-ANCESTRAL-SAS.html,DERIVADOS DEL CAFE ANCESTRAL S A S,COMERCIALIZADOR-DE-CAFE,
,MEDELLIN,ANTIOQUIA,CALLE 27 82 A 85 INT 520,https://empresite.eleconomistaamerica.co/COMERCIALIZADORA-MI-CAFE-SAS.html,COMERCIALIZADORA MI CAFU S A,COMERCIALIZADOR-DE-CAFE,
Comercio al por mayor de materias primas agropecuarias animales vivos,ITAGUI,ANTIOQUIA,CARRERA 42 32 50,https://empresite.eleconomistaamerica.co/COMERCIALIZADORA-AGRICOLA-CAFETERA-COLOMBIA-SAS.html,COMERCIALIZADORA AGRICOLA CAFETERA DE COLOMBIA S A S,COMERCIALIZADOR-DE-CAFE,(4)2773708
,MEDELLIN,ANTIOQUIA,CARRERA 83 B 29 A 48,https://empresite.eleconomistaamerica.co/COMERCIALIZADORA-CAFE-RESERVA-SAS.html,COMERCIALIZADORA DE CAFE RESERVA S A S,COMERCIALIZADOR-DE-CAFE,
Comercio al por mayor de materias primas agropecuarias animales vivos,LA ESTRELLA,ANTIOQUIA,CARRERA 54 79 AA SUR 40,https://empresite.eleconomistaamerica.co/COMERCIALIZADORA-ANTIOQUENA-CAFE-SAS.html,COMERCIALIZADORA ANTIOQUENA DE CAFE S A S,COMERCIALIZADOR-DE-CAFE,(4)2795302
,MEDELLIN,ANTIOQUIA,CALLE 55 A 63 AA 58 BLOQUE,https://empresite.eleconomistaamerica.co/COMERCIALIZADORA-TIERRA-CAFE-SAS.html,COMERCIALIZADORA TIERRA CAFE S A S,COMERCIALIZADOR-DE-CAFE,
,JARDIN,ANTIOQUIA,CARRERA 59 5 11,https://empresite.eleconomistaamerica.co/COMERCIALIZADORA-CAFE-SUROESTE-LTDA.html,COMERCIALIZADORA DE CAFE DEL SUROESTE LTDA,COMERCIALIZADOR-DE-CAFE,
Comercio al por mayor de productos alimenticios,ENVIGADO,ANTIOQUIA,CARRERA 44 A 30 SUR 40,https://empresite.eleconomistaamerica.co/COMERCIALIZADORA-INTERNACIONAL-CAFES-ESPECIALES-ORTIZ-ECHEVERRI-LTDA.html,COMERCIALIZADORA INTERNACIONAL DE CAFES ESPECIALES ORTIZ Y ECHEVERRI LTDA,COMERCIALIZADOR-DE-CAFE,(4)3330135
,ENVIGADO,ANTIOQUIA,CALLE 25 SUR 46 30 INT 302,https://empresite.eleconomistaamerica.co/COMERCIALIZADORA-INTERNACIONAL-CAFE-LTDA.html,COMERCIALIZADORA INTERNACIONAL DE CAFE LTDA,COMERCIALIZADOR-DE-CAFE,
,MEDELLIN,ANTIOQUIA,CARRERA 4 2 8 61,https://empresite.eleconomistaamerica.co/COMERCIALIZADORA-INTERNACIONAL-CAFE-KUNA-SA.html,COMERCIALIZADORA INTERNACIONAL CAFE KUNA S A,COMERCIALIZADOR-DE-CAFE,
,MEDELLIN,ANTIOQUIA,CALLE 43 80 B 50,https://empresite.eleconomistaamerica.co/DERIFRUT-COMERCIALIZADORA-INTERNACIONAL-SAS.html,DERIFRUT COMERCIALIZADORA INTERNACIONAL S A S,COMERCIALIZADOR-DE-CAFE,
Comercio al por mayor de productos farmaceuticos medicinales cosmeticos y de tocador,MEDELLIN,ANTIOQUIA,CALLE 35 A 80 A 1,https://empresite.eleconomistaamerica.co/DELLANEIRA-COMERCIALIZADORA-INTERNACIONAL-SAS.html,DELLANEIRA COMERCIALIZADORA INTERNACIONAL S A S,COMERCIALIZADOR-DE-CAFE,3108290266
Fabricacion de partes y piezas de madera de carpinteria y ebanisteria para la construccion,REMEDIOS,ANTIOQUIA,VEREDA ALTO DE LOS MUERTOS,https://empresite.eleconomistaamerica.co/DEPOSITO-COMERCIALIZADORA-BERRIO-AJASAS.html,DEPOSITO Y COMERCIALIZADORA BERRIO A J A S A S,COMERCIALIZADOR-DE-CAFE,3113695798
,PUERTO BERRIO,ANTIOQUIA,CALLE 40 B 9 B 44,https://empresite.eleconomistaamerica.co/DEPOSITO-COMERCIALIZADORA-JYCSAS.html,DEPOSITO Y COMERCIALIZADORA J Y C S A S,COMERCIALIZADOR-DE-CAFE,
,ARMENIA,ANTIOQUIA,CARRERA 10 10 17,https://empresite.eleconomistaamerica.co/ASOCIACION-CAFICULTORES-COMERCIALIZADORES-CAFE-ARMENIA-MANTEQUILLA.html,ASOCIACION DE CAFICULTORES Y COMERCIALIZADORES DE CAFE DE ARMENIA MANTEQUILLA,COMERCIALIZADOR-DE-CAFE,
Expendio de comidas preparadas en cafeterias,CIUDAD BOLIVAR,ANTIOQUIA,CALLE 48 47 35,https://empresite.eleconomistaamerica.co/TALLER-DEPORTES-CAFE-SAS.html,EL TALLER DEPORTES Y CAFE S A S,COMERCIALIZADOR-DE-CAFE,3207048132
,MEDELLIN,ANTIOQUIA,CARRERA 76 34 9,https://empresite.eleconomistaamerica.co/COMERCIALIZADORA-DENTOR-SAS.html,COMERCIALIZADORA DENTOR S A S,COMERCIALIZADOR-DE-CAFE,
Otras industrias manufactureras n c p,MEDELLIN,ANTIOQUIA,CALLE 54 26 28,https://empresite.eleconomistaamerica.co/COMERCIALIZADORA-DEVOCION-SA.html,COMERCIALIZADORA LA DEVOCION S A,COMERCIALIZADOR-DE-CAFE,(4)2937068
Cria de ganado bovino y bufalino,MEDELLIN,ANTIOQUIA,,https://empresite.eleconomistaamerica.co/COMERCIALIZADORA-DELIRIO-SAS.html,COMERCIALIZADORA DELIRIO S A S,COMERCIALIZADOR-DE-CAFE,3176353292
,MEDELLIN,ANTIOQUIA,CARRERA 54 29 C 96,https://empresite.eleconomistaamerica.co/COMERCIALIZADORA-DELFIN-SAS.html,COMERCIALIZADORA DELFIN S A S,COMERCIALIZADOR-DE-CAFE,
,MEDELLIN,ANTIOQUIA,CARRERA 52 44 36,https://empresite.eleconomistaamerica.co/COMERCIALIZADORA-DEGO-SAS.html,COMERCIALIZADORA DEGO S A S,COMERCIALIZADOR-DE-CAFE,
Extraccion de madera,APARTADO,ANTIOQUIA,CARRERA 99 99 B 65,https://empresite.eleconomistaamerica.co/COMERCIALIZADORA-DEECU-SAS.html,COMERCIALIZADORA DEECU S A S,COMERCIALIZADOR-DE-CAFE,3108913154
,APARTADO,ANTIOQUIA,CALLE 100 76 B 75,https://empresite.eleconomistaamerica.co/COMERCIALIZADORA-DEKERO-SAS.html,COMERCIALIZADORA DEKERO S A S,COMERCIALIZADOR-DE-CAFE,
,MEDELLIN,ANTIOQUIA,CARRERA 49 45 95,https://empresite.eleconomistaamerica.co/COMERCIALIZADORA-DEPORTIVA-SYG-SAS.html,COMERCIALIZADORA DEPORTIVA SYG S A S,COMERCIALIZADOR-DE-CAFE,
,MEDELLIN,ANTIOQUIA,CARRERA 57 28 24 201,https://empresite.eleconomistaamerica.co/COMERCIALIZADORA-INTERNACIONAL-DESTELLOS-LUZ-LTDA.html,COMERCIALIZADORA INTERNACIONAL DESTELLOS DE LUZ LTDA,COMERCIALIZADOR-DE-CAFE,
,MEDELLIN,ANTIOQUIA,CARRERA 53 48 44,https://empresite.eleconomistaamerica.co/COMERCIALIZADORA-DEYMARLENS-SAS.html,COMERCIALIZADORA DEYMARLENS S A S,COMERCIALIZADOR-DE-CAFE,
,MEDELLIN,ANTIOQUIA,CARRERA 50 25 221,https://empresite.eleconomistaamerica.co/COMERCIALIZADORA-DECOALAMBRE-SA.html,COMERCIALIZADORA DECOALAMBRE S A,COMERCIALIZADOR-DE-CAFE,
,MEDELLIN,ANTIOQUIA,CARRERA 78 B 32 A 15,https://empresite.eleconomistaamerica.co/COMERCIALIZADORA-CREACION-DESARROLLO-SAS.html,COMERCIALIZADORA CREACION Y DESARROLLO S A S,COMERCIALIZADOR-DE-CAFE,
,NECOCLI,ANTIOQUIA,CALLE 51 49 47 PI 2,https://empresite.eleconomistaamerica.co/COMERCIALIZADORA-CAUCHO-MADERA-PRODUCTOS-AGROPECUARIOS-DERIVADOS-URABA-SAS.html,COMERCIALIZADORA DE CAUCHO MADERA Y PRODUCTOS AGROPECUARIOS Y DERIVADOS DE URABA S A S,COMERCIALIZADOR-DE-CAFE,
,MEDELLIN,ANTIOQUIA,CALLE 50 51 24,https://empresite.eleconomistaamerica.co/COMERCIALIZADORA-DISTRIBUIDORA-JABONES-DETERGENTES-COMDIST-COMPANIA-LTDA.html,COMERCIALIZADORA Y DISTRIBUIDORA DE JABONES Y DETERGENTES COMDIST Y COMPANIA LTDA,COMERCIALIZADOR-DE-CAFE,