Actividad,Ciudad,Departamento,Direccion,Link,Nombre_Empresa,Tema_Busqueda,telefono
Comercio al por mayor de productos textiles productos confeccionados para uso domestico,ENVIGADO,ANTIOQUIA,CARRERA 46 39 SUR 47,https://empresite.eleconomistaamerica.co/CREACIONES-PINTOLOSA-SAS.html,CREACIONES PINTOLOSA S A S,FORMACION-CONFECCION,(4)2769795
Educacion media tecnica y de formacion laboral,MEDELLIN,ANTIOQUIA,CALLE 49 41 09,https://empresite.eleconomistaamerica.co/CESDE-SA.html,CESDE S A,FORMACION-CONFECCION,(4)4808822
Comercio al por mayor de otros tipos de maquinaria y equipo n c p,MEDELLIN,ANTIOQUIA,CALLE 48 48 14 OF 608,https://empresite.eleconomistaamerica.co/FORMACION-TIC-SAS.html,FORMACION Y TIC S A S,FORMACION-CONFECCION,(4)5136303
Actividades de consultaria de gestion,ENVIGADO,ANTIOQUIA,CALLE 48F SUR 39 B 314 1210,https://empresite.eleconomistaamerica.co/FORMACION-PROYECTOS-SAS.html,FORMACION Y PROYECTOS S A S,FORMACION-CONFECCION,(4)3024369
Formacion academica no formal,MEDELLIN,ANTIOQUIA,DIAGONAL 79 A 5 299 BLOQUE 15,https://empresite.eleconomistaamerica.co/FORMACION-ESTRATEGICA-SAS.html,FORMACION ESTRATEGICA S A S,FORMACION-CONFECCION,3165291893
Actividades de consultaria de gestion,MEDELLIN,ANTIOQUIA,CARRERA 74 53 162 ARTO 406,https://empresite.eleconomistaamerica.co/FORMACION-NUEVO-SIGLO-EU.html,FORMACION NUEVO SIGLO E U,FORMACION-CONFECCION,(4)2608963
Otros tipos de educacion n c p,MEDELLIN,ANTIOQUIA,CARRERA 72 A 31 51 INT 202,https://empresite.eleconomistaamerica.co/FORMACION-BRIGADAS-EMERGENCIA-SAS.html,FORMACION DE BRIGADAS DE EMERGENCIA S A S,FORMACION-CONFECCION,3117537350
Otras actividades de atencion de la salud humana,MEDELLIN,ANTIOQUIA,,https://empresite.eleconomistaamerica.co/FORMACION-INTEGRAL-PARA-EMERGENCIAS-LTDA.html,FORMACION INTEGRAL PARA EMERGENCIAS LTDA,FORMACION-CONFECCION,(4)2681561
Actividades de consultaria de gestion,MEDELLIN,ANTIOQUIA,CALLE 52 47 28 EDIFICIO,https://empresite.eleconomistaamerica.co/FORMACION-CALIDAD-NUTRICION-SAS.html,FORMACION DE CALIDAD Y NUTRICION S A S,FORMACION-CONFECCION,3148623126
Confeccion de prendas de vestir excepto prendas de piel,ITAGUI,ANTIOQUIA,CARRERA 48 75 A 37,https://empresite.eleconomistaamerica.co/CI-PACK-BLUE-SAS.html,C I PACK BLUE S A S,FORMACION-CONFECCION,(4)3743637
Confeccion de prendas de vestir excepto prendas de piel,MEDELLIN,ANTIOQUIA,CALLE 49 50 21 OF 2203,https://empresite.eleconomistaamerica.co/SS-SOCIEDAD-SECRETA-SA.html,SS SOCIEDAD SECRETA S A,FORMACION-CONFECCION,(4)5120098
Preparacion del terreno,MEDELLIN,ANTIOQUIA,CARRERA 35 A 15 B 35,https://empresite.eleconomistaamerica.co/SERVICIOS-INGENIERIA-CIVIL-SA.html,SERVICIOS DE INGENIERIA CIVIL S A,FORMACION-CONFECCION,(4)4484502
Confeccion de prendas de vestir excepto prendas de piel,MEDELLIN,ANTIOQUIA,CALLE 1 SUR 75 DA 229,https://empresite.eleconomistaamerica.co/CONFECCIONES-GEOS-EU.html,CONFECCIONES GEOS E U EN LIQUIDACION,FORMACION-CONFECCION,(4)3422574
Confeccion de prendas de vestir excepto prendas de piel,MEDELLIN,ANTIOQUIA,CALLE 40 A SUR 63 B 53 270,https://empresite.eleconomistaamerica.co/CONFECCIONES-RL-SAS.html,CONFECCIONES RL S A S,FORMACION-CONFECCION,(4)2866454
Confección de prendas de vestir,MEDELLIN,ANTIOQUIA,CL 7 SUR 51 A 21 L 168,https://empresite.eleconomistaamerica.co/CONFECCIONES-ZYZSAS.html,CONFECCIONES Z Y Z S A S,FORMACION-CONFECCION,(4)3618605
Comercio al por menor de prendas de vestir y sus accesorios (incluye articulos de piel) en establecimientos especializados,BELLO,ANTIOQUIA,CARRERA 50 29 A 39 BG 135,https://empresite.eleconomistaamerica.co/CONFECCIONES-JARU-SA.html,CONFECCIONES JARU S A,FORMACION-CONFECCION,(4)4511413
Confeccion de prendas de vestir excepto prendas de piel,ITAGUI,ANTIOQUIA,CARRERA 51 A 46 40 IN 401,https://empresite.eleconomistaamerica.co/CONFECCIONES-FIT-SAS.html,CONFECCIONES FIT S A S,FORMACION-CONFECCION,(4)3040189
Confeccion de prendas de vestir excepto prendas de piel,MEDELLIN,ANTIOQUIA,CARRERA 90 44 C 61,https://empresite.eleconomistaamerica.co/CONFECCIONES-LUP-SAS.html,CONFECCIONES LUP S A S,FORMACION-CONFECCION,(4)2990204
Confeccion de prendas de vestir excepto prendas de piel,ITAGUI,ANTIOQUIA,CALLE 69 52 D 11,https://empresite.eleconomistaamerica.co/CONFECCIONES-RFOSAS.html,CONFECCIONES R F O S A S,FORMACION-CONFECCION,(4)3721232
Fabricacion de otros articulos textiles n c p,MEDELLIN,ANTIOQUIA,CARRERA 49 79 54,https://empresite.eleconomistaamerica.co/CONFECCION-HYDSAS.html,CONFECCION H Y D S A S,FORMACION-CONFECCION,(4)2399736
Confeccion de prendas de vestir excepto prendas de piel,MEDELLIN,ANTIOQUIA,CALLE 40 74 74,https://empresite.eleconomistaamerica.co/CONFECCIONES-JYF-SAS.html,CONFECCIONES J Y F SAS,FORMACION-CONFECCION,(4)4164472
Confeccion de prendas de vestir excepto prendas de piel,MEDELLIN,ANTIOQUIA,CALLE 25 58 10,https://empresite.eleconomistaamerica.co/CONFECCIONES-ZL-LTDA.html,CONFECCIONES Z L LTDA,FORMACION-CONFECCION,(4)2638235
Confeccion de prendas de vestir excepto prendas de piel,MEDELLIN,ANTIOQUIA,CALLE 38 SU  60 D 75,https://empresite.eleconomistaamerica.co/CONFECCIONES-JGO-SAS.html,CONFECCIONES JGO S A S,FORMACION-CONFECCION,(4)5841140
Comercio al por mayor de productos textiles productos confeccionados para uso domestico,ITAGUI,ANTIOQUIA,CARRERA 54 79 30 IN 207,https://empresite.eleconomistaamerica.co/CONFECCIONES-ANIL-SA.html,CONFECCIONES ANIL S A,FORMACION-CONFECCION,(4)4441188
Confeccion de prendas de vestir excepto prendas de piel,GUARNE,ANTIOQUIA,CARRERA 51 56 74,https://empresite.eleconomistaamerica.co/CONFECCIONES-MAC-SAS.html,CONFECCIONES MAC S A S,FORMACION-CONFECCION,3116321808
Confeccion de prendas de vestir excepto prendas de piel,MEDELLIN,ANTIOQUIA,CALLE 30 72 46 PISO 3,https://empresite.eleconomistaamerica.co/CONFECCIONES-JYMSAS.html,CONFECCIONES J Y M S A S,FORMACION-CONFECCION,(4)5895555
Confeccion de prendas de vestir excepto prendas de piel,MEDELLIN,ANTIOQUIA,CARRERA 71 A 92 D 06,https://empresite.eleconomistaamerica.co/CONFECCIONES-92D-SAS.html,CONFECCIONES LA 92D S A S,FORMACION-CONFECCION,(4)4381245
Confeccion de prendas de vestir excepto prendas de piel,MEDELLIN,ANTIOQUIA,CALLE 48 57 87 LOCAL 703,https://empresite.eleconomistaamerica.co/CONFECCIONES-SMM-SAS.html,CONFECCIONES SMM S A S,FORMACION-CONFECCION,(4)5127739
Confeccion de prendas de vestir excepto prendas de piel,MEDELLIN,ANTIOQUIA,CALLE 7 SUR 51 A 21,https://empresite.eleconomistaamerica.co/CONFECCIONES-GAMA-EU.html,CONFECCIONES GAMA E U,FORMACION-CONFECCION,(4)3651210
Acabado de productos textiles,BELLO,ANTIOQUIA,CARRERA 52 55 97,https://empresite.eleconomistaamerica.co/CONFECCIONARTE-SAS.html,CONFECCIONARTE SAS,FORMACION-CONFECCION,(4)4445778
Confeccion de prendas de vestir excepto prendas de piel,MEDELLIN,ANTIOQUIA,CARRERA 56 49 47 OF 501,https://empresite.eleconomistaamerica.co/CONFECCIONES-Z5-EAT.html,CONFECCIONES Z5 E A T EN LIQUIDACION,FORMACION-CONFECCION,(4)2318569
Confeccion de prendas de vestir excepto prendas de piel,DON MATIAS,ANTIOQUIA,CARRERA 31 28 05,https://empresite.eleconomistaamerica.co/CONFECCIONES-JA-SAS.html,CONFECCIONES JA S A S,FORMACION-CONFECCION,3107031483
Confeccion de prendas de vestir excepto prendas de piel,DON MATIAS,ANTIOQUIA,CARRERA 31 28 05,https://empresite.eleconomistaamerica.co/CONFECCIONES-LYA-SAS.html,CONFECCIONES LYA S A S,FORMACION-CONFECCION,3107031483
Confeccion de prendas de vestir excepto prendas de piel,MEDELLIN,ANTIOQUIA,CALLE 44 75 55,https://empresite.eleconomistaamerica.co/CONFECCIONES-LEOS-EU.html,CONFECCIONES LEOS E U,FORMACION-CONFECCION,(4)2509315
Confeccion de prendas de vestir excepto prendas de piel,MEDELLIN,ANTIOQUIA,TRANSVERSAL 45 AA 84 100 INT 302,https://empresite.eleconomistaamerica.co/CONFECCIONES-SHOP-EU.html,CONFECCIONES SHOP S A S,FORMACION-CONFECCION,3108954048
Otras industrias manufactureras n c p,ITAGUI,ANTIOQUIA,CALLE 77 A 53 58,https://empresite.eleconomistaamerica.co/CONFECCIONES-KISS-EU.html,CONFECCIONES KISS E U,FORMACION-CONFECCION,(4)3524192
Confeccion de prendas de vestir excepto prendas de piel,MEDELLIN,ANTIOQUIA,CALLE 29 81 27,https://empresite.eleconomistaamerica.co/CONFECCIONES-DOL-EU.html,CONFECCIONES DOL E U EN LIQUIDACION,FORMACION-CONFECCION,(4)3173099
Confeccion de prendas de vestir excepto prendas de piel,MEDELLIN,ANTIOQUIA,CARRERA 46 38 62,https://empresite.eleconomistaamerica.co/CONFECCIONES-GYQ-SAS.html,CONFECCIONES GYQ S A S,FORMACION-CONFECCION,(4)3202630
Confeccion de prendas de vestir excepto prendas de piel,MEDELLIN,ANTIOQUIA,CALLE 70 B 27 05,https://empresite.eleconomistaamerica.co/CONFECCIONES-AIGSAS.html,CONFECCIONES A I G S A S,FORMACION-CONFECCION,(4)2843506
Confeccion de prendas de vestir excepto prendas de piel,MEDELLIN,ANTIOQUIA,CARRERA 51 9 A SUR 01 INT,https://empresite.eleconomistaamerica.co/CONFECCIONES-LYH-SAS.html,CONFECCIONES LYH S A S,FORMACION-CONFECCION,(4)2855185
Confeccion de prendas de vestir excepto prendas de piel,MEDELLIN,ANTIOQUIA,CALLE 63 80 A 105,https://empresite.eleconomistaamerica.co/CONFECCIONES-ZO-LTDA.html,CONFECCIONES Z O LTDA,FORMACION-CONFECCION,(4)1641300
Comercio al por menor de productos textiles en establecimientos especializados,ITAGUI,ANTIOQUIA,CARRERA 40 54 155,https://empresite.eleconomistaamerica.co/CONFECCIONES-NVSAS.html,CONFECCIONES N V S A S,FORMACION-CONFECCION,(4)3740729
Confeccion de prendas de vestir excepto prendas de piel,MEDELLIN,ANTIOQUIA,CALLE 7 SUR 51 A 21 PISO 3,https://empresite.eleconomistaamerica.co/CONFECCIONES-ABBA-SAS.html,CONFECCIONES ABBA S A S,FORMACION-CONFECCION,(4)4446424
Confeccion de prendas de vestir excepto prendas de piel,LA CEJA,ANTIOQUIA,CARRERA 19 24 49,https://empresite.eleconomistaamerica.co/CONFECCIONES-CREAS-LTDA.html,CONFECCIONES CREAS LTDA,FORMACION-CONFECCION,(4)5552340
Confeccion de prendas de vestir excepto prendas de piel,MEDELLIN,ANTIOQUIA,CARRERA 30 32 37 LOCAL 201,https://empresite.eleconomistaamerica.co/CONFECCIONES-TERMIJEANS-SAS.html,CONFECCIONES TERMIJEANS S A S,FORMACION-CONFECCION,(4)8663347
Comercio al por mayor de prendas de vestir,MEDELLIN,ANTIOQUIA,CALLE 33 81 A 51 OF 301,https://empresite.eleconomistaamerica.co/CONFECCIONES-ALCAZAR-SAS.html,CONFECCIONES ALCAZAR S A S,FORMACION-CONFECCION,(4)5898661
Confeccion de prendas de vestir excepto prendas de piel,BELLO,ANTIOQUIA,CALLE 27 B 50 A 98,https://empresite.eleconomistaamerica.co/CONFECCIONES-ANGELES-DYDSAS.html,CONFECCIONES LOS ANGELES D Y D S A S,FORMACION-CONFECCION,(4)2722317
Confeccion de prendas de vestir excepto prendas de piel,BELLO,ANTIOQUIA,CALLE 32 56 76,https://empresite.eleconomistaamerica.co/CONFECCIONES-FERRU-SSAS.html,CONFECCIONES FERRU S S A S,FORMACION-CONFECCION,(4)4568140
Confeccion de prendas de vestir excepto prendas de piel,SANTUARIO,ANTIOQUIA,CALLE 52 49 14,https://empresite.eleconomistaamerica.co/CONFECCIONES-MAVA-SAS.html,CONFECCIONES MAVA S A S,FORMACION-CONFECCION,(4)5466016
Confeccion de prendas de vestir excepto prendas de piel,MEDELLIN,ANTIOQUIA,CARRERA 64 B 75 24 INT 01,https://empresite.eleconomistaamerica.co/CONFECCIONES-TEXNOVA-MYNSAS.html,CONFECCIONES TEXNOVA M Y N S A S,FORMACION-CONFECCION,(4)4418767
Confeccion de prendas de vestir excepto prendas de piel,MEDELLIN,ANTIOQUIA,CALLE 75 64 B 63,https://empresite.eleconomistaamerica.co/CONFECCIONES-POLO-MPJ-SAS.html,CONFECCIONES POLO MPJ S A S,FORMACION-CONFECCION,(4)4419515
Confeccion de prendas de vestir excepto prendas de piel,MEDELLIN,ANTIOQUIA,CARRERA 80 A 40 52,https://empresite.eleconomistaamerica.co/CONFECCIONES-SEYCA-SAS.html,CONFECCIONES SEYCA S A S,FORMACION-CONFECCION,(4)4127022
Confeccion de prendas de vestir excepto prendas de piel,MEDELLIN,ANTIOQUIA,CALLE 27 D SUR 27 C 50,https://empresite.eleconomistaamerica.co/CONFECCIONES-SEMILLA-SAS.html,CONFECCIONES SEMILLA S A S,FORMACION-CONFECCION,(4)3566160
Confeccion de prendas de vestir excepto prendas de piel,DON MATIAS,ANTIOQUIA,CARRERA 25 21 121,https://empresite.eleconomistaamerica.co/CONFECCIONES-JAWI-SAS.html,CONFECCIONES JAWI S A S,FORMACION-CONFECCION,(4)8663440
Confeccion de prendas de vestir excepto prendas de piel,MEDELLIN,ANTIOQUIA,CALLE 62 H 128 80 PISO 3,https://empresite.eleconomistaamerica.co/CONFECCIONES-GILCLAR-SAS.html,CONFECCIONES GILCLAR S A S,FORMACION-CONFECCION,(4)4279438
Confeccion de prendas de vestir excepto prendas de piel,BELLO,ANTIOQUIA,CALLE 39 AA 59 D 26,https://empresite.eleconomistaamerica.co/CONFECCIONES-SANDRA-GSAS.html,CONFECCIONES SANDRA G S A S,FORMACION-CONFECCION,(4)2354550
Confeccion de prendas de vestir excepto prendas de piel,MEDELLIN,ANTIOQUIA,CARRERA 57 46 25 L 202,https://empresite.eleconomistaamerica.co/CONFECCIONES-MIKEL-SSAS.html,CONFECCIONES MIKEL S S A S,FORMACION-CONFECCION,(4)2316839
Confeccion de prendas de vestir excepto prendas de piel,DON MATIAS,ANTIOQUIA,CARRERA 30 28 49 LOCAL 202,https://empresite.eleconomistaamerica.co/CONFECCIONES-ROLIB-SAS.html,CONFECCIONES ROLIB S A S,FORMACION-CONFECCION,-4
Confeccion de prendas de vestir excepto prendas de piel,MEDELLIN,ANTIOQUIA,CARRERA 52 33 17,https://empresite.eleconomistaamerica.co/CONFECCIONES-ZAYMA-SAS.html,CONFECCIONES ZAYMA S A S,FORMACION-CONFECCION,(4)4543837
Confección de prendas de vestir,ITAGUI,ANTIOQUIA,CL 46 49 35,https://empresite.eleconomistaamerica.co/CONFECCIONES-YAVE-MARIA-SAS.html,CONFECCIONES YAVE Y MARIA S A S,FORMACION-CONFECCION,(4)2775707
Confeccion de prendas de vestir excepto prendas de piel,DON MATIAS,ANTIOQUIA,CARRERA 27 23 312,https://empresite.eleconomistaamerica.co/CONFECCIONES-VIVABLU-SAS.html,CONFECCIONES VIVABLU S A S,FORMACION-CONFECCION,3137597069
Confeccion de prendas de vestir excepto prendas de piel,MEDELLIN,ANTIOQUIA,CARRERA 70 A 45 E 34,https://empresite.eleconomistaamerica.co/CONFECCIONES-FIURER-SAS.html,CONFECCIONES FIURER S A S,FORMACION-CONFECCION,(4)4448013
Confeccion de prendas de vestir excepto prendas de piel,BARBOSA,ANTIOQUIA,CARRERA 14 9 91,https://empresite.eleconomistaamerica.co/CONFECCIONES-LONMAR-LTDA.html,CONFECCIONES LONMAR LTDA,FORMACION-CONFECCION,(4)4068464
Confeccion de prendas de vestir excepto prendas de piel,MEDELLIN,ANTIOQUIA,CALLE 48 49 42 OF 712,https://empresite.eleconomistaamerica.co/CONFECCIONES-TOPPA-LW-LTDA.html,CONFECCIONES TOPPA L W LTDA,FORMACION-CONFECCION,(4)2930791
Confeccion de prendas de vestir excepto prendas de piel,BELLO,ANTIOQUIA,DIAGONAL 57 43 60,https://empresite.eleconomistaamerica.co/CONFECCIONES-RAVI-BELLO-SAS.html,CONFECCIONES RAVI BELLO S A S,FORMACION-CONFECCION,(4)4826142
Confeccion de prendas de vestir excepto prendas de piel,MEDELLIN,ANTIOQUIA,CARRERA 60 D 38 SUR 02,https://empresite.eleconomistaamerica.co/CONFECCIONES-LUMARAL-SAS.html,CONFECCIONES LUMARAL S A S,FORMACION-CONFECCION,(4)5870542
Confeccion de prendas de vestir excepto prendas de piel,MEDELLIN,ANTIOQUIA,CALLE 18 A 76 A 53,https://empresite.eleconomistaamerica.co/CONFECCIONES-ANILU-SAS.html,CONFECCIONES ANILU S A S,FORMACION-CONFECCION,(4)5097895
Confeccion de prendas de vestir excepto prendas de piel,MEDELLIN,ANTIOQUIA,CALLE 45 B 75 129,https://empresite.eleconomistaamerica.co/CONFECCIONES-ANY-SJSAS.html,CONFECCIONES ANY S J S A S,FORMACION-CONFECCION,(4)4122106
Confeccion de prendas de vestir excepto prendas de piel,MEDELLIN,ANTIOQUIA,CARRERA 50 29 A 39 INT 102,https://empresite.eleconomistaamerica.co/CONFECCIONES-ASMODEL-SAS.html,CONFECCIONES ASMODEL S A S,FORMACION-CONFECCION,(4)4666953
Confección de prendas de vestir,MEDELLIN,ANTIOQUIA,CARRERA 56 51 68 BOD 301,https://empresite.eleconomistaamerica.co/CONFECCIONES-MELOMANIA-LTDA.html,CONFECCIONES MELOMANIA LTDA,FORMACION-CONFECCION,(4)5111454
Confección de prendas de vestir,MEDELLIN,ANTIOQUIA,CALLE 63 80 A 41,https://empresite.eleconomistaamerica.co/CONFECCIONES-CLAMA-LTDA.html,CONFECCIONES CLAMA LTDA,FORMACION-CONFECCION,(4)2341319
Confección de prendas de vestir,MEDELLIN,ANTIOQUIA,CALLE 29 52 26,https://empresite.eleconomistaamerica.co/CONFECCIONES-ESPIGO-LTDA.html,CONFECCIONES ESPIGO LTDA,FORMACION-CONFECCION,(4)2650427
Confección de prendas de vestir,DON MATIAS,ANTIOQUIA,CARRERA 30 28 25,https://empresite.eleconomistaamerica.co/CONFECCIONES-BANPRENDAS-LTDA.html,CONFECCIONES BANPRENDAS LTDA,FORMACION-CONFECCION,(4)8665862
Confeccion de prendas de vestir excepto prendas de piel,MEDELLIN,ANTIOQUIA,VIA CIRCULAR 2 70 14,https://empresite.eleconomistaamerica.co/CONFECCIONES-PONTEBELLA-SAS.html,CONFECCIONES PONTEBELLA S A S,FORMACION-CONFECCION,3128773872
Confeccion de prendas de vestir excepto prendas de piel,ITAGUI,ANTIOQUIA,CALLE 80 52 A 76 IN 401,https://empresite.eleconomistaamerica.co/CONFECCIONES-ARIZA-MUNOZ-SAS.html,CONFECCIONES ARIZA MUNOZ S A S,FORMACION-CONFECCION,(4)5705570
Confeccion de articulos con materiales textiles excepto prendas de vestir,MEDELLIN,ANTIOQUIA,CALLE 49 A 37 74,https://empresite.eleconomistaamerica.co/CONFECCIONES-SIVELE-SAS.html,CONFECCIONES SIVELE S A S,FORMACION-CONFECCION,(4)2392667
Confeccion de prendas de vestir excepto prendas de piel,LA ESTRELLA,ANTIOQUIA,CALLE 79 SUR 61 80,https://empresite.eleconomistaamerica.co/CONFECCIONES-GIOMAR-SAS.html,CONFECCIONES GIOMAR S A S,FORMACION-CONFECCION,(4)3021363
Actividades inmobiliarias realizadas con bienes propios o arrendados,ITAGUI,ANTIOQUIA,CARRERA 54 79 03,https://empresite.eleconomistaamerica.co/CONFECCIONES-VAMER-LTDA.html,CONFECCIONES VAMER LTDA,FORMACION-CONFECCION,(4)2819610
Confeccion de prendas de vestir excepto prendas de piel,ITAGUI,ANTIOQUIA,CALLE 81 A 52 D 70 LC 201,https://empresite.eleconomistaamerica.co/CONFECCIONES-ROOF-SAS.html,CONFECCIONES ROOF S A S,FORMACION-CONFECCION,(4)2857334
Confeccion de prendas de vestir excepto prendas de piel,MEDELLIN,ANTIOQUIA,CALLE 37 48 31,https://empresite.eleconomistaamerica.co/CONFECCIONES-BRAVASS-SAS.html,CONFECCIONES BRAVASS S A S,FORMACION-CONFECCION,(4)2629933
Comercio al por mayor de prendas de vestir,MEDELLIN,ANTIOQUIA,CALLE 30 A 76 41 LOCAL 107,https://empresite.eleconomistaamerica.co/CONFECCIONES-PEMAR-SAS.html,CONFECCIONES PEMAR S A S,FORMACION-CONFECCION,(4)2355008
Confeccion de prendas de vestir excepto prendas de piel,MEDELLIN,ANTIOQUIA,CARRERA 51 A 12 B SUR 51,https://empresite.eleconomistaamerica.co/CONFECCIONES-LEOBAY-LTDA.html,CONFECCIONES LEOBAY LTDA,FORMACION-CONFECCION,(4)3617013
Confeccion de prendas de vestir excepto prendas de piel,ITAGUI,ANTIOQUIA,CALLE 32 69 52 P 1,https://empresite.eleconomistaamerica.co/CONFECCIONES-ADG-LTDA.html,CONFECCIONES ADG LTDA,FORMACION-CONFECCION,(4)3662842
Confeccion de prendas de vestir excepto prendas de piel,MEDELLIN,ANTIOQUIA,CALLE 49 54 46 LOCAL 240,https://empresite.eleconomistaamerica.co/CONFECCIONES-DUGAL-LTDA.html,CONFECCIONES DUGAL S A S,FORMACION-CONFECCION,(4)2310642
Confeccion de prendas de vestir excepto prendas de piel,ITAGUI,ANTIOQUIA,CARRERA 53 B 83 A 35 IN 408,https://empresite.eleconomistaamerica.co/CONFECCIONES-IMPACTO-LTDA.html,CONFECCIONES IMPACTO LTDA,FORMACION-CONFECCION,3117001998
Acabado de productos textiles,MEDELLIN,ANTIOQUIA,CARRERA 82 52 B 30,https://empresite.eleconomistaamerica.co/CONFECCIONES-OSONAR-LTDA.html,CONFECCIONES OSONAR LTDA,FORMACION-CONFECCION,(4)3760191
Confección de prendas de vestir,MEDELLIN,ANTIOQUIA,CL 48 57 87 PISO 2,https://empresite.eleconomistaamerica.co/CONFECCIONES-DUCHESS-SAS.html,CONFECCIONES DUCHESS S A S EN LIQUIDACION,FORMACION-CONFECCION,(4)5118149
Confeccion de prendas de vestir excepto prendas de piel,MEDELLIN,ANTIOQUIA,CARRERA 66 B 31 24,https://empresite.eleconomistaamerica.co/CONFECCIONES-FABILON-SAS.html,CONFECCIONES FABILON SAS,FORMACION-CONFECCION,(4)2357331
Confeccion de prendas de vestir excepto prendas de piel,MEDELLIN,ANTIOQUIA,CARRERA 35 8 SUR 22,https://empresite.eleconomistaamerica.co/CONFECCIONES-LEMA-SAS.html,CONFECCIONES LEMA S A S,FORMACION-CONFECCION,(4)2502199
Confeccion de prendas de vestir excepto prendas de piel,MEDELLIN,ANTIOQUIA,CALLE 51 54 23,https://empresite.eleconomistaamerica.co/CONFECCIONES-MAYIM-SA.html,CONFECCIONES MAYIM S A,FORMACION-CONFECCION,(4)5124324
Comercio al por mayor de computadores equipo periferico y programas de informatica,MEDELLIN,ANTIOQUIA,CARRERA 76 32 BB 38,https://empresite.eleconomistaamerica.co/APRENDE-SAS.html,APRENDE S A S,APRENDE-CONFECCION,(4)3227009
Formacion academica no formal,MEDELLIN,ANTIOQUIA,CARRERA 46 63 8,https://empresite.eleconomistaamerica.co/APRENDER-HACER-SAS.html,APRENDER HACER S A S,APRENDE-CONFECCION,(4)2845012
Actividades de apoyo a la educacion,ENVIGADO,ANTIOQUIA,CALLE 40 B SUR 42 21 AP 201,https://empresite.eleconomistaamerica.co/APRENDE-FACIL-SAS.html,APRENDE FACIL S A S,APRENDE-CONFECCION,3046168172
Comercio al por mayor de productos textiles productos confeccionados para uso domestico,ENVIGADO,ANTIOQUIA,CARRERA 46 39 SUR 47,https://empresite.eleconomistaamerica.co/CREACIONES-PINTOLOSA-SAS.html,CREACIONES PINTOLOSA S A S,APRENDE-CONFECCION,(4)2769795
Confeccion de prendas de vestir excepto prendas de piel,ITAGUI,ANTIOQUIA,CARRERA 48 75 A 37,https://empresite.eleconomistaamerica.co/CI-PACK-BLUE-SAS.html,C I PACK BLUE S A S,APRENDE-CONFECCION,(4)3743637
Confeccion de prendas de vestir excepto prendas de piel,MEDELLIN,ANTIOQUIA,CALLE 49 50 21 OF 2203,https://empresite.eleconomistaamerica.co/SS-SOCIEDAD-SECRETA-SA.html,SS SOCIEDAD SECRETA S A,APRENDE-CONFECCION,(4)5120098
Confeccion de prendas de vestir excepto prendas de piel,MEDELLIN,ANTIOQUIA,CALLE 1 SUR 75 DA 229,https://empresite.eleconomistaamerica.co/CONFECCIONES-GEOS-EU.html,CONFECCIONES GEOS E U EN LIQUIDACION,APRENDE-CONFECCION,(4)3422574
Confeccion de prendas de vestir excepto prendas de piel,MEDELLIN,ANTIOQUIA,CALLE 40 A SUR 63 B 53 270,https://empresite.eleconomistaamerica.co/CONFECCIONES-RL-SAS.html,CONFECCIONES RL S A S,APRENDE-CONFECCION,(4)2866454
Confección de prendas de vestir,MEDELLIN,ANTIOQUIA,CL 7 SUR 51 A 21 L 168,https://empresite.eleconomistaamerica.co/CONFECCIONES-ZYZSAS.html,CONFECCIONES Z Y Z S A S,APRENDE-CONFECCION,(4)3618605
Comercio al por menor de prendas de vestir y sus accesorios (incluye articulos de piel) en establecimientos especializados,BELLO,ANTIOQUIA,CARRERA 50 29 A 39 BG 135,https://empresite.eleconomistaamerica.co/CONFECCIONES-JARU-SA.html,CONFECCIONES JARU S A,APRENDE-CONFECCION,(4)4511413
Confeccion de prendas de vestir excepto prendas de piel,ITAGUI,ANTIOQUIA,CARRERA 51 A 46 40 IN 401,https://empresite.eleconomistaamerica.co/CONFECCIONES-FIT-SAS.html,CONFECCIONES FIT S A S,APRENDE-CONFECCION,(4)3040189
Confeccion de prendas de vestir excepto prendas de piel,MEDELLIN,ANTIOQUIA,CARRERA 90 44 C 61,https://empresite.eleconomistaamerica.co/CONFECCIONES-LUP-SAS.html,CONFECCIONES LUP S A S,APRENDE-CONFECCION,(4)2990204
Confeccion de prendas de vestir excepto prendas de piel,ITAGUI,ANTIOQUIA,CALLE 69 52 D 11,https://empresite.eleconomistaamerica.co/CONFECCIONES-RFOSAS.html,CONFECCIONES R F O S A S,APRENDE-CONFECCION,(4)3721232
Fabricacion de otros articulos textiles n c p,MEDELLIN,ANTIOQUIA,CARRERA 49 79 54,https://empresite.eleconomistaamerica.co/CONFECCION-HYDSAS.html,CONFECCION H Y D S A S,APRENDE-CONFECCION,(4)2399736
Confeccion de prendas de vestir excepto prendas de piel,MEDELLIN,ANTIOQUIA,CALLE 40 74 74,https://empresite.eleconomistaamerica.co/CONFECCIONES-JYF-SAS.html,CONFECCIONES J Y F SAS,APRENDE-CONFECCION,(4)4164472
Confeccion de prendas de vestir excepto prendas de piel,MEDELLIN,ANTIOQUIA,CALLE 25 58 10,https://empresite.eleconomistaamerica.co/CONFECCIONES-ZL-LTDA.html,CONFECCIONES Z L LTDA,APRENDE-CONFECCION,(4)2638235
Confeccion de prendas de vestir excepto prendas de piel,MEDELLIN,ANTIOQUIA,CALLE 38 SU  60 D 75,https://empresite.eleconomistaamerica.co/CONFECCIONES-JGO-SAS.html,CONFECCIONES JGO S A S,APRENDE-CONFECCION,(4)5841140
Comercio al por mayor de productos textiles productos confeccionados para uso domestico,ITAGUI,ANTIOQUIA,CARRERA 54 79 30 IN 207,https://empresite.eleconomistaamerica.co/CONFECCIONES-ANIL-SA.html,CONFECCIONES ANIL S A,APRENDE-CONFECCION,(4)4441188
Confeccion de prendas de vestir excepto prendas de piel,GUARNE,ANTIOQUIA,CARRERA 51 56 74,https://empresite.eleconomistaamerica.co/CONFECCIONES-MAC-SAS.html,CONFECCIONES MAC S A S,APRENDE-CONFECCION,3116321808
Confeccion de prendas de vestir excepto prendas de piel,MEDELLIN,ANTIOQUIA,CALLE 30 72 46 PISO 3,https://empresite.eleconomistaamerica.co/CONFECCIONES-JYMSAS.html,CONFECCIONES J Y M S A S,APRENDE-CONFECCION,(4)5895555
Confeccion de prendas de vestir excepto prendas de piel,MEDELLIN,ANTIOQUIA,CARRERA 71 A 92 D 06,https://empresite.eleconomistaamerica.co/CONFECCIONES-92D-SAS.html,CONFECCIONES LA 92D S A S,APRENDE-CONFECCION,(4)4381245
Confeccion de prendas de vestir excepto prendas de piel,MEDELLIN,ANTIOQUIA,CALLE 48 57 87 LOCAL 703,https://empresite.eleconomistaamerica.co/CONFECCIONES-SMM-SAS.html,CONFECCIONES SMM S A S,APRENDE-CONFECCION,(4)5127739
Confeccion de prendas de vestir excepto prendas de piel,MEDELLIN,ANTIOQUIA,CALLE 7 SUR 51 A 21,https://empresite.eleconomistaamerica.co/CONFECCIONES-GAMA-EU.html,CONFECCIONES GAMA E U,APRENDE-CONFECCION,(4)3651210
Acabado de productos textiles,BELLO,ANTIOQUIA,CARRERA 52 55 97,https://empresite.eleconomistaamerica.co/CONFECCIONARTE-SAS.html,CONFECCIONARTE SAS,APRENDE-CONFECCION,(4)4445778
Confeccion de prendas de vestir excepto prendas de piel,MEDELLIN,ANTIOQUIA,CARRERA 56 49 47 OF 501,https://empresite.eleconomistaamerica.co/CONFECCIONES-Z5-EAT.html,CONFECCIONES Z5 E A T EN LIQUIDACION,APRENDE-CONFECCION,(4)2318569
Confeccion de prendas de vestir excepto prendas de piel,DON MATIAS,ANTIOQUIA,CARRERA 31 28 05,https://empresite.eleconomistaamerica.co/CONFECCIONES-JA-SAS.html,CONFECCIONES JA S A S,APRENDE-CONFECCION,3107031483
Confeccion de prendas de vestir excepto prendas de piel,DON MATIAS,ANTIOQUIA,CARRERA 31 28 05,https://empresite.eleconomistaamerica.co/CONFECCIONES-LYA-SAS.html,CONFECCIONES LYA S A S,APRENDE-CONFECCION,3107031483
Confeccion de prendas de vestir excepto prendas de piel,MEDELLIN,ANTIOQUIA,CALLE 44 75 55,https://empresite.eleconomistaamerica.co/CONFECCIONES-LEOS-EU.html,CONFECCIONES LEOS E U,APRENDE-CONFECCION,(4)2509315
Confeccion de prendas de vestir excepto prendas de piel,MEDELLIN,ANTIOQUIA,TRANSVERSAL 45 AA 84 100 INT 302,https://empresite.eleconomistaamerica.co/CONFECCIONES-SHOP-EU.html,CONFECCIONES SHOP S A S,APRENDE-CONFECCION,3108954048
Otras industrias manufactureras n c p,ITAGUI,ANTIOQUIA,CALLE 77 A 53 58,https://empresite.eleconomistaamerica.co/CONFECCIONES-KISS-EU.html,CONFECCIONES KISS E U,APRENDE-CONFECCION,(4)3524192
Confeccion de prendas de vestir excepto prendas de piel,MEDELLIN,ANTIOQUIA,CALLE 29 81 27,https://empresite.eleconomistaamerica.co/CONFECCIONES-DOL-EU.html,CONFECCIONES DOL E U EN LIQUIDACION,APRENDE-CONFECCION,(4)3173099
Confeccion de prendas de vestir excepto prendas de piel,MEDELLIN,ANTIOQUIA,CARRERA 46 38 62,https://empresite.eleconomistaamerica.co/CONFECCIONES-GYQ-SAS.html,CONFECCIONES GYQ S A S,APRENDE-CONFECCION,(4)3202630
Confeccion de prendas de vestir excepto prendas de piel,MEDELLIN,ANTIOQUIA,CALLE 70 B 27 05,https://empresite.eleconomistaamerica.co/CONFECCIONES-AIGSAS.html,CONFECCIONES A I G S A S,APRENDE-CONFECCION,(4)2843506
Confeccion de prendas de vestir excepto prendas de piel,MEDELLIN,ANTIOQUIA,CARRERA 51 9 A SUR 01 INT,https://empresite.eleconomistaamerica.co/CONFECCIONES-LYH-SAS.html,CONFECCIONES LYH S A S,APRENDE-CONFECCION,(4)2855185
Confeccion de prendas de vestir excepto prendas de piel,MEDELLIN,ANTIOQUIA,CALLE 63 80 A 105,https://empresite.eleconomistaamerica.co/CONFECCIONES-ZO-LTDA.html,CONFECCIONES Z O LTDA,APRENDE-CONFECCION,(4)1641300
Comercio al por menor de productos textiles en establecimientos especializados,ITAGUI,ANTIOQUIA,CARRERA 40 54 155,https://empresite.eleconomistaamerica.co/CONFECCIONES-NVSAS.html,CONFECCIONES N V S A S,APRENDE-CONFECCION,(4)3740729
Otras actividades de asistencia social sin alojamiento,MEDELLIN,ANTIOQUIA,CALLE 89 50 D 15 INT 401,https://empresite.eleconomistaamerica.co/FUNDACION-EDUCATIVA-ARTE-APRENDER.html,FUNDACION EDUCATIVA EL ARTE DE APRENDER,APRENDE-CONFECCION,3122799392
Comercio al por mayor de otros productos n c p,ENVIGADO,ANTIOQUIA,CALLE 26 SUR 23 A 04 CA 140,https://empresite.eleconomistaamerica.co/JUEGA-APRENDE-SAS.html,JUEGA Y APRENDE S A S,APRENDE-CONFECCION,(4)5794617
Establecimientos que combinan diferentes niveles de educacion,BELLO,ANTIOQUIA,CALLE 35 53 20,https://empresite.eleconomistaamerica.co/INSTITUCION-EDUCATIVA-APRENDER-PASA-SABER-SA.html,INSTITUCION EDUCATIVA APRENDER PASA SABER S A,APRENDE-CONFECCION,(4)2736017
Establecimientos que combinan diferentes niveles de educacion,MEDELLIN,ANTIOQUIA,CALLE 95 S 57 251,https://empresite.eleconomistaamerica.co/CENTRO-ENSENANZA-PRECOZ-ALEGRIA-APRENDER-LTDA.html,CENTRO DE ENSENANZA PRECOZ LA ALEGRIA DE APRENDER LTDA,APRENDE-CONFECCION,(4)3220057
Comercio al por menor de libros periodicos materiales y articulos de papeleria y escritorio en establecimientos especializados,MEDELLIN,ANTIOQUIA,CALLE 61 A 55 A,https://empresite.eleconomistaamerica.co/DIDACTICAS-ARTE-APRENDER-SAS.html,DIDACTICAS EL ARTE DE APRENDER S A S,APRENDE-CONFECCION,(4)4529460
Confeccion de prendas de vestir excepto prendas de piel,MEDELLIN,ANTIOQUIA,CALLE 7 SUR 51 A 21 PISO 3,https://empresite.eleconomistaamerica.co/CONFECCIONES-ABBA-SAS.html,CONFECCIONES ABBA S A S,APRENDE-CONFECCION,(4)4446424
Confeccion de prendas de vestir excepto prendas de piel,LA CEJA,ANTIOQUIA,CARRERA 19 24 49,https://empresite.eleconomistaamerica.co/CONFECCIONES-CREAS-LTDA.html,CONFECCIONES CREAS LTDA,APRENDE-CONFECCION,(4)5552340
Confeccion de prendas de vestir excepto prendas de piel,MEDELLIN,ANTIOQUIA,CARRERA 30 32 37 LOCAL 201,https://empresite.eleconomistaamerica.co/CONFECCIONES-TERMIJEANS-SAS.html,CONFECCIONES TERMIJEANS S A S,APRENDE-CONFECCION,(4)8663347
Comercio al por mayor de prendas de vestir,MEDELLIN,ANTIOQUIA,CALLE 33 81 A 51 OF 301,https://empresite.eleconomistaamerica.co/CONFECCIONES-ALCAZAR-SAS.html,CONFECCIONES ALCAZAR S A S,APRENDE-CONFECCION,(4)5898661
Confeccion de prendas de vestir excepto prendas de piel,BELLO,ANTIOQUIA,CALLE 27 B 50 A 98,https://empresite.eleconomistaamerica.co/CONFECCIONES-ANGELES-DYDSAS.html,CONFECCIONES LOS ANGELES D Y D S A S,APRENDE-CONFECCION,(4)2722317
Confeccion de prendas de vestir excepto prendas de piel,BELLO,ANTIOQUIA,CALLE 32 56 76,https://empresite.eleconomistaamerica.co/CONFECCIONES-FERRU-SSAS.html,CONFECCIONES FERRU S S A S,APRENDE-CONFECCION,(4)4568140
Confeccion de prendas de vestir excepto prendas de piel,SANTUARIO,ANTIOQUIA,CALLE 52 49 14,https://empresite.eleconomistaamerica.co/CONFECCIONES-MAVA-SAS.html,CONFECCIONES MAVA S A S,APRENDE-CONFECCION,(4)5466016
Confeccion de prendas de vestir excepto prendas de piel,MEDELLIN,ANTIOQUIA,CARRERA 64 B 75 24 INT 01,https://empresite.eleconomistaamerica.co/CONFECCIONES-TEXNOVA-MYNSAS.html,CONFECCIONES TEXNOVA M Y N S A S,APRENDE-CONFECCION,(4)4418767
Confeccion de prendas de vestir excepto prendas de piel,MEDELLIN,ANTIOQUIA,CALLE 75 64 B 63,https://empresite.eleconomistaamerica.co/CONFECCIONES-POLO-MPJ-SAS.html,CONFECCIONES POLO MPJ S A S,APRENDE-CONFECCION,(4)4419515
Confeccion de prendas de vestir excepto prendas de piel,MEDELLIN,ANTIOQUIA,CARRERA 80 A 40 52,https://empresite.eleconomistaamerica.co/CONFECCIONES-SEYCA-SAS.html,CONFECCIONES SEYCA S A S,APRENDE-CONFECCION,(4)4127022
Confeccion de prendas de vestir excepto prendas de piel,MEDELLIN,ANTIOQUIA,CALLE 27 D SUR 27 C 50,https://empresite.eleconomistaamerica.co/CONFECCIONES-SEMILLA-SAS.html,CONFECCIONES SEMILLA S A S,APRENDE-CONFECCION,(4)3566160
Confeccion de prendas de vestir excepto prendas de piel,DON MATIAS,ANTIOQUIA,CARRERA 25 21 121,https://empresite.eleconomistaamerica.co/CONFECCIONES-JAWI-SAS.html,CONFECCIONES JAWI S A S,APRENDE-CONFECCION,(4)8663440
Confeccion de prendas de vestir excepto prendas de piel,MEDELLIN,ANTIOQUIA,CALLE 62 H 128 80 PISO 3,https://empresite.eleconomistaamerica.co/CONFECCIONES-GILCLAR-SAS.html,CONFECCIONES GILCLAR S A S,APRENDE-CONFECCION,(4)4279438
Confeccion de prendas de vestir excepto prendas de piel,BELLO,ANTIOQUIA,CALLE 39 AA 59 D 26,https://empresite.eleconomistaamerica.co/CONFECCIONES-SANDRA-GSAS.html,CONFECCIONES SANDRA G S A S,APRENDE-CONFECCION,(4)2354550
Confeccion de prendas de vestir excepto prendas de piel,MEDELLIN,ANTIOQUIA,CARRERA 57 46 25 L 202,https://empresite.eleconomistaamerica.co/CONFECCIONES-MIKEL-SSAS.html,CONFECCIONES MIKEL S S A S,APRENDE-CONFECCION,(4)2316839
Confeccion de prendas de vestir excepto prendas de piel,DON MATIAS,ANTIOQUIA,CARRERA 30 28 49 LOCAL 202,https://empresite.eleconomistaamerica.co/CONFECCIONES-ROLIB-SAS.html,CONFECCIONES ROLIB S A S,APRENDE-CONFECCION,-4
Confeccion de prendas de vestir excepto prendas de piel,MEDELLIN,ANTIOQUIA,CARRERA 52 33 17,https://empresite.eleconomistaamerica.co/CONFECCIONES-ZAYMA-SAS.html,CONFECCIONES ZAYMA S A S,APRENDE-CONFECCION,(4)4543837
Confección de prendas de vestir,ITAGUI,ANTIOQUIA,CL 46 49 35,https://empresite.eleconomistaamerica.co/CONFECCIONES-YAVE-MARIA-SAS.html,CONFECCIONES YAVE Y MARIA S A S,APRENDE-CONFECCION,(4)2775707
Confeccion de prendas de vestir excepto prendas de piel,DON MATIAS,ANTIOQUIA,CARRERA 27 23 312,https://empresite.eleconomistaamerica.co/CONFECCIONES-VIVABLU-SAS.html,CONFECCIONES VIVABLU S A S,APRENDE-CONFECCION,3137597069
Confeccion de prendas de vestir excepto prendas de piel,MEDELLIN,ANTIOQUIA,CARRERA 70 A 45 E 34,https://empresite.eleconomistaamerica.co/CONFECCIONES-FIURER-SAS.html,CONFECCIONES FIURER S A S,APRENDE-CONFECCION,(4)4448013
Confeccion de prendas de vestir excepto prendas de piel,BARBOSA,ANTIOQUIA,CARRERA 14 9 91,https://empresite.eleconomistaamerica.co/CONFECCIONES-LONMAR-LTDA.html,CONFECCIONES LONMAR LTDA,APRENDE-CONFECCION,(4)4068464
Confeccion de prendas de vestir excepto prendas de piel,MEDELLIN,ANTIOQUIA,CALLE 48 49 42 OF 712,https://empresite.eleconomistaamerica.co/CONFECCIONES-TOPPA-LW-LTDA.html,CONFECCIONES TOPPA L W LTDA,APRENDE-CONFECCION,(4)2930791
Confeccion de prendas de vestir excepto prendas de piel,BELLO,ANTIOQUIA,DIAGONAL 57 43 60,https://empresite.eleconomistaamerica.co/CONFECCIONES-RAVI-BELLO-SAS.html,CONFECCIONES RAVI BELLO S A S,APRENDE-CONFECCION,(4)4826142
Confeccion de prendas de vestir excepto prendas de piel,MEDELLIN,ANTIOQUIA,CARRERA 60 D 38 SUR 02,https://empresite.eleconomistaamerica.co/CONFECCIONES-LUMARAL-SAS.html,CONFECCIONES LUMARAL S A S,APRENDE-CONFECCION,(4)5870542
Confeccion de prendas de vestir excepto prendas de piel,MEDELLIN,ANTIOQUIA,CALLE 18 A 76 A 53,https://empresite.eleconomistaamerica.co/CONFECCIONES-ANILU-SAS.html,CONFECCIONES ANILU S A S,APRENDE-CONFECCION,(4)5097895
Confeccion de prendas de vestir excepto prendas de piel,MEDELLIN,ANTIOQUIA,CALLE 45 B 75 129,https://empresite.eleconomistaamerica.co/CONFECCIONES-ANY-SJSAS.html,CONFECCIONES ANY S J S A S,APRENDE-CONFECCION,(4)4122106
Confeccion de prendas de vestir excepto prendas de piel,MEDELLIN,ANTIOQUIA,CARRERA 50 29 A 39 INT 102,https://empresite.eleconomistaamerica.co/CONFECCIONES-ASMODEL-SAS.html,CONFECCIONES ASMODEL S A S,APRENDE-CONFECCION,(4)4666953
Confección de prendas de vestir,MEDELLIN,ANTIOQUIA,CARRERA 56 51 68 BOD 301,https://empresite.eleconomistaamerica.co/CONFECCIONES-MELOMANIA-LTDA.html,CONFECCIONES MELOMANIA LTDA,APRENDE-CONFECCION,(4)5111454
Confección de prendas de vestir,MEDELLIN,ANTIOQUIA,CALLE 63 80 A 41,https://empresite.eleconomistaamerica.co/CONFECCIONES-CLAMA-LTDA.html,CONFECCIONES CLAMA LTDA,APRENDE-CONFECCION,(4)2341319
Confección de prendas de vestir,MEDELLIN,ANTIOQUIA,CALLE 29 52 26,https://empresite.eleconomistaamerica.co/CONFECCIONES-ESPIGO-LTDA.html,CONFECCIONES ESPIGO LTDA,APRENDE-CONFECCION,(4)2650427
Confección de prendas de vestir,DON MATIAS,ANTIOQUIA,CARRERA 30 28 25,https://empresite.eleconomistaamerica.co/CONFECCIONES-BANPRENDAS-LTDA.html,CONFECCIONES BANPRENDAS LTDA,APRENDE-CONFECCION,(4)8665862
Confeccion de prendas de vestir excepto prendas de piel,MEDELLIN,ANTIOQUIA,VIA CIRCULAR 2 70 14,https://empresite.eleconomistaamerica.co/CONFECCIONES-PONTEBELLA-SAS.html,CONFECCIONES PONTEBELLA S A S,APRENDE-CONFECCION,3128773872
Confeccion de prendas de vestir excepto prendas de piel,ITAGUI,ANTIOQUIA,CALLE 80 52 A 76 IN 401,https://empresite.eleconomistaamerica.co/CONFECCIONES-ARIZA-MUNOZ-SAS.html,CONFECCIONES ARIZA MUNOZ S A S,APRENDE-CONFECCION,(4)5705570
Confeccion de articulos con materiales textiles excepto prendas de vestir,MEDELLIN,ANTIOQUIA,CALLE 49 A 37 74,https://empresite.eleconomistaamerica.co/CONFECCIONES-SIVELE-SAS.html,CONFECCIONES SIVELE S A S,APRENDE-CONFECCION,(4)2392667
Confeccion de prendas de vestir excepto prendas de piel,LA ESTRELLA,ANTIOQUIA,CALLE 79 SUR 61 80,https://empresite.eleconomistaamerica.co/CONFECCIONES-GIOMAR-SAS.html,CONFECCIONES GIOMAR S A S,APRENDE-CONFECCION,(4)3021363
Actividades inmobiliarias realizadas con bienes propios o arrendados,ITAGUI,ANTIOQUIA,CARRERA 54 79 03,https://empresite.eleconomistaamerica.co/CONFECCIONES-VAMER-LTDA.html,CONFECCIONES VAMER LTDA,APRENDE-CONFECCION,(4)2819610
Confeccion de prendas de vestir excepto prendas de piel,ITAGUI,ANTIOQUIA,CALLE 81 A 52 D 70 LC 201,https://empresite.eleconomistaamerica.co/CONFECCIONES-ROOF-SAS.html,CONFECCIONES ROOF S A S,APRENDE-CONFECCION,(4)2857334
Confeccion de prendas de vestir excepto prendas de piel,MEDELLIN,ANTIOQUIA,CALLE 37 48 31,https://empresite.eleconomistaamerica.co/CONFECCIONES-BRAVASS-SAS.html,CONFECCIONES BRAVASS S A S,APRENDE-CONFECCION,(4)2629933
Comercio al por mayor de prendas de vestir,MEDELLIN,ANTIOQUIA,CALLE 30 A 76 41 LOCAL 107,https://empresite.eleconomistaamerica.co/CONFECCIONES-PEMAR-SAS.html,CONFECCIONES PEMAR S A S,APRENDE-CONFECCION,(4)2355008
Confeccion de prendas de vestir excepto prendas de piel,MEDELLIN,ANTIOQUIA,CARRERA 51 A 12 B SUR 51,https://empresite.eleconomistaamerica.co/CONFECCIONES-LEOBAY-LTDA.html,CONFECCIONES LEOBAY LTDA,APRENDE-CONFECCION,(4)3617013
Confeccion de prendas de vestir excepto prendas de piel,ITAGUI,ANTIOQUIA,CALLE 32 69 52 P 1,https://empresite.eleconomistaamerica.co/CONFECCIONES-ADG-LTDA.html,CONFECCIONES ADG LTDA,APRENDE-CONFECCION,(4)3662842
Confeccion de prendas de vestir excepto prendas de piel,MEDELLIN,ANTIOQUIA,CALLE 49 54 46 LOCAL 240,https://empresite.eleconomistaamerica.co/CONFECCIONES-DUGAL-LTDA.html,CONFECCIONES DUGAL S A S,APRENDE-CONFECCION,(4)2310642
Confeccion de prendas de vestir excepto prendas de piel,ITAGUI,ANTIOQUIA,CARRERA 53 B 83 A 35 IN 408,https://empresite.eleconomistaamerica.co/CONFECCIONES-IMPACTO-LTDA.html,CONFECCIONES IMPACTO LTDA,APRENDE-CONFECCION,3117001998
Acabado de productos textiles,MEDELLIN,ANTIOQUIA,CARRERA 82 52 B 30,https://empresite.eleconomistaamerica.co/CONFECCIONES-OSONAR-LTDA.html,CONFECCIONES OSONAR LTDA,APRENDE-CONFECCION,(4)3760191
Confección de prendas de vestir,MEDELLIN,ANTIOQUIA,CL 48 57 87 PISO 2,https://empresite.eleconomistaamerica.co/CONFECCIONES-DUCHESS-SAS.html,CONFECCIONES DUCHESS S A S EN LIQUIDACION,APRENDE-CONFECCION,(4)5118149
Confeccion de prendas de vestir excepto prendas de piel,MEDELLIN,ANTIOQUIA,CARRERA 66 B 31 24,https://empresite.eleconomistaamerica.co/CONFECCIONES-FABILON-SAS.html,CONFECCIONES FABILON SAS,APRENDE-CONFECCION,(4)2357331
Confeccion de prendas de vestir excepto prendas de piel,MEDELLIN,ANTIOQUIA,CARRERA 35 8 SUR 22,https://empresite.eleconomistaamerica.co/CONFECCIONES-LEMA-SAS.html,CONFECCIONES LEMA S A S,APRENDE-CONFECCION,(4)2502199
Confeccion de prendas de vestir excepto prendas de piel,MEDELLIN,ANTIOQUIA,CALLE 51 54 23,https://empresite.eleconomistaamerica.co/CONFECCIONES-MAYIM-SA.html,CONFECCIONES MAYIM S A,APRENDE-CONFECCION,(4)5124324
Fabricacion de otros articulos textiles n c p,MEDELLIN,ANTIOQUIA,CALLE 48 57 87 INT 701,https://empresite.eleconomistaamerica.co/CONFECCIONES-MAIDY-SAS.html,CONFECCIONES MAIDY S A S,APRENDE-CONFECCION,(4)5128945
Actividades de otras asociaciones n c p,MEDELLIN,ANTIOQUIA,TRANSVERSAL 7 A 30 349 APT 1704,https://empresite.eleconomistaamerica.co/EXTRANJEROS-SERVICIO.html,EXTRANJEROS EN SERVICIO EN LIQUIDACION,INVERSORES-EXTRANJEROS,(4)5804282
Actividades de administracion empresarial,MEDELLIN,ANTIOQUIA,CALLE 11 A 42 68 APTO 302,https://empresite.eleconomistaamerica.co/INVERSORES-GES-SAS.html,INVERSORES GES S A S,INVERSORES-EXTRANJEROS,(4)3525568
Mantenimiento y reparacion de vehiculos automotores,BELLO,ANTIOQUIA,CALLE 40 50 211 LC 1,https://empresite.eleconomistaamerica.co/INVERSORES-HATO-SAS.html,INVERSORES EL HATO S A S,INVERSORES-EXTRANJEROS,(4)4567863
Expendio de comidas preparadas en cafeterias,MEDELLIN,ANTIOQUIA,CALLE 6 32 135 APTO 401,https://empresite.eleconomistaamerica.co/INVERSORES-MIXTOS-SAS.html,INVERSORES MIXTOS S A S,INVERSORES-EXTRANJEROS,(4)4992349
Confeccion de prendas de vestir excepto prendas de piel,MEDELLIN,ANTIOQUIA,CALLE 79 43 93,https://empresite.eleconomistaamerica.co/INVERSORES-GONZALEZ-POLO-SAS.html,INVERSORES GONZALEZ POLO S A S,INVERSORES-EXTRANJEROS,3104057744
Comercio al por menor de combustible para automotores,BELLO,ANTIOQUIA,CARRERA 44 A 46 49,https://empresite.eleconomistaamerica.co/INVERSORES-HATO-VIEJO-SA.html,INVERSORES HATO VIEJO S A,INVERSORES-EXTRANJEROS,(4)4521011
Otras actividades de servicio financiero excepto las de seguros y pensiones n c p,MEDELLIN,ANTIOQUIA,CALLE 5 FF 29 C 20,https://empresite.eleconomistaamerica.co/INVERSORES-MEJIA-COMPANIA-SC.html,INVERSORES MEJIA Y MEJIA Y COMPANIA S EN C EN LIQUIDACION,INVERSORES-EXTRANJEROS,(4)3117915
Otros tipos de educacion n c p,APARTADO,ANTIOQUIA,CARRERA 105 97 14,https://empresite.eleconomistaamerica.co/INSTITUCION-NACIONAL-APRENDIZAJE-IDIOMAS-EXTRANJEROS-SAS.html,INSTITUCION NACIONAL DE APRENDIZAJE DE IDIOMAS EXTRANJEROS S A S,INVERSORES-EXTRANJEROS,3138669229
Actividades inmobiliarias realizadas con bienes propios o arrendados,LA ESTRELLA,ANTIOQUIA,CALLE 87 SUR 55 552 CASA 08,https://empresite.eleconomistaamerica.co/SOCIEDAD-PROMOTORA-EDUCACION-ENFASIS-IDIOMAS-EXTRANJEROS-ADMINISTRACION-PROEDUCACION-SA.html,SOCIEDAD PROMOTORA DE EDUCACION CON ENFASIS EN IDIOMAS EXTRANJEROS Y ADMINISTRACION PROEDUCACION S A,INVERSORES-EXTRANJEROS,3154670261
Actividades inmobiliarias realizadas con bienes propios o arrendados,RIONEGRO,ANTIOQUIA,CARRERA 35 B 32 29,https://empresite.eleconomistaamerica.co/GLOBAL-INVERSORES-AMERICA-SAS.html,GLOBAL INVERSORES AMERICA S A S,INVERSORES-EXTRANJEROS,3046108566
Cria de ganado bovino y bufalino,MEDELLIN,ANTIOQUIA,CALLE 21 A 59 11 INT301,https://empresite.eleconomistaamerica.co/GRUPO-INVERSORES-ALFA-SAS-ANTIOQUIA.html,GRUPO DE INVERSORES ALFA S A S,INVERSORES-EXTRANJEROS,3117063600
Actividades inmobiliarias realizadas con bienes propios o arrendados,ENVIGADO,ANTIOQUIA,,https://empresite.eleconomistaamerica.co/CUATRO-INVERSORES-SAS.html,CUATRO INVERSORES S A S,INVERSORES-EXTRANJEROS,
Actividades de agentes y corredores de seguro,MEDELLIN,ANTIOQUIA,CALLE 43 A 58 40 INT 201,https://empresite.eleconomistaamerica.co/CH-ASESORES-SEGUROS-INVERSORES-LTDA.html,C H ASESORES EN SEGUROS E INVERSORES LTDA,INVERSORES-EXTRANJEROS,(4)4480201
Actividades inmobiliarias realizadas con bienes propios o arrendados,MEDELLIN,ANTIOQUIA,TRANSVERSAL 39 73 10 PISO 14 1,https://empresite.eleconomistaamerica.co/MUSYCA-INVERSORES-SAS.html,MUSYCA INVERSORES S A S,INVERSORES-EXTRANJEROS,(4)5108428
Otras actividades auxiliares de las actividades de servicios financieros n c p,RIONEGRO,ANTIOQUIA,CALLE 40 67 18,https://empresite.eleconomistaamerica.co/TYT-INVERSORES-COLOMBIA-SAS.html,T Y T INVERSORES DE COLOMBIA S A S,INVERSORES-EXTRANJEROS,3164916714
Actividades inmobiliarias realizadas con bienes propios o arrendados,MEDELLIN,ANTIOQUIA,CALLE 20 SU  45 70 APTO 603,https://empresite.eleconomistaamerica.co/CYC-INVERSORES-SAS.html,CYC INVERSORES S A S,INVERSORES-EXTRANJEROS,3183818256
Comercio de vehiculos automotores usados,MEDELLIN,ANTIOQUIA,,https://empresite.eleconomistaamerica.co/PROMOTORA-INVERSORES-ASOCIADOS-SAS.html,PROMOTORA DE INVERSORES ASOCIADOS S A S,INVERSORES-EXTRANJEROS,3003059512
Actividades de consultaria de gestion,CAUCASIA,ANTIOQUIA,CARRERA 20 15 74 2 DO PISO,https://empresite.eleconomistaamerica.co/CADAF-INVERSORES-CONSULTORES-SAS.html,CADAF INVERSORES Y CONSULTORES S A S,INVERSORES-EXTRANJEROS,3117673531
Comercio al por mayor de productos alimenticios,CAUCASIA,ANTIOQUIA,CARRERA 12 27 58,https://empresite.eleconomistaamerica.co/GRUPO-INVERSORES-CAUCA-SAS.html,GRUPO INVERSORES DEL CAUCA S A S,INVERSORES-EXTRANJEROS,3145690128
Actividades de administracion empresarial,MEDELLIN,ANTIOQUIA,CALLE 16 41 210 OF 201,https://empresite.eleconomistaamerica.co/PARRA-RAMIREZ-INVERSORES-SAS.html,PARRA RAMIREZ INVERSORES S A S,INVERSORES-EXTRANJEROS,3006382194
Actividades de administracion empresarial,MEDELLIN,ANTIOQUIA,CALLE 16 41 210 OF 201,https://empresite.eleconomistaamerica.co/PARRA-LOPEZ-INVERSORES-SAS.html,PARRA LOPEZ INVERSORES S A S,INVERSORES-EXTRANJEROS,3006382194
Actividades inmobiliarias realizadas con bienes propios o arrendados,SABANETA,ANTIOQUIA,CALLE 64 SUR 39 110 IN 701,https://empresite.eleconomistaamerica.co/JYM-INVERSORES-SAS.html,JYM INVERSORES S A S,INVERSORES-EXTRANJEROS,3007831404
Comercio al por mayor de prendas de vestir,LA CEJA,ANTIOQUIA,VEREDA SAN MIGUEL,https://empresite.eleconomistaamerica.co/GARCIA-CANO-INVERSORES-SAS.html,GARCIA CANO INVERSORES S A S,INVERSORES-EXTRANJEROS,(4)5628088
Confeccion de prendas de vestir excepto prendas de piel,MEDELLIN,ANTIOQUIA,CARRERA 81 45 187,https://empresite.eleconomistaamerica.co/JYG-INVERSORES-LTDA.html,J Y G INVERSORES LTDA,INVERSORES-EXTRANJEROS,(4)5805870
Actividades inmobiliarias realizadas a cambio de una retribucion o por contrata,MEDELLIN,ANTIOQUIA,,https://empresite.eleconomistaamerica.co/CHIQUITO-TOBON-INVERSORES-LTDA.html,CHIQUITO TOBON INVERSORES LTDA,INVERSORES-EXTRANJEROS,
Alojamiento en hoteles,MEDELLIN,ANTIOQUIA,CARRERA 43 A 1 SUR 188,https://empresite.eleconomistaamerica.co/CMS-INVERSORES-SAS.html,C M S INVERSORES S A S,INVERSORES-EXTRANJEROS,(4)4487075
Actividades inmobiliarias realizadas a cambio de una retribucion o por contrata,MEDELLIN,ANTIOQUIA,CALLE 48 57 87 P7 INT 70,https://empresite.eleconomistaamerica.co/GRUPO-INVERSORES-SAS.html,GRUPO INVERSORES SAS,INVERSORES-EXTRANJEROS,(4)2310350
Actividades inmobiliarias realizadas con bienes propios o arrendados,MEDELLIN,ANTIOQUIA,CARRERA 76 A 17 A 8,https://empresite.eleconomistaamerica.co/INVERSION-EXTRANJERA-LTDA.html,INVERSION EXTRANJERA LTDA,INVERSION-EXTRANJERA-MODA,(4)3438966
Comercio al por mayor de productos textiles productos confeccionados para uso domestico,MEDELLIN,ANTIOQUIA,CALLE 33 74 B 132 L202,https://empresite.eleconomistaamerica.co/INVERSIONES-D-MODA-SA.html,INVERSIONES DE MODA S A S,INVERSION-EXTRANJERA-MODA,(4)4133162
Confeccion de prendas de vestir excepto prendas de piel,MEDELLIN,ANTIOQUIA,CARRERA 80 A 112 52,https://empresite.eleconomistaamerica.co/INVERSIONES-MODA-COLOR-SAS.html,INVERSIONES MODA Y COLOR S A S,INVERSION-EXTRANJERA-MODA,(4)5847475
Confeccion de prendas de vestir excepto prendas de piel,MEDELLIN,ANTIOQUIA,CARRERA 48 15 901,https://empresite.eleconomistaamerica.co/INVERSIONES-MODA-LU-SAS.html,INVERSIONES MODA LU S A,INVERSION-EXTRANJERA-MODA,(4)2311637
Confeccion de prendas de vestir excepto prendas de piel,ITAGUI,ANTIOQUIA,CARRERA 52D 81 17,https://empresite.eleconomistaamerica.co/INVERSIONES-MODA-MARCAS-SAS.html,INVERSIONES MODA Y MARCAS S A S,INVERSION-EXTRANJERA-MODA,(4)2857904
Comercio al por menor de otros productos nuevos en establecimientos especializados,MEDELLIN,ANTIOQUIA,CARRERA 52 A 45 33 PISO 11 B,https://empresite.eleconomistaamerica.co/INVERSIONES-MAX-MODA-SAS.html,INVERSIONES MAX MODA S A S,INVERSION-EXTRANJERA-MODA,(4)2318436
Confeccion de prendas de vestir excepto prendas de piel,ITAGUI,ANTIOQUIA,CARRERA 52 C 77 55 IN 202,https://empresite.eleconomistaamerica.co/INVERSIONES-FLOMAR-MODA-SAS.html,INVERSIONES FLOMAR MODA S A S,INVERSION-EXTRANJERA-MODA,
Comercio al por menor de prendas de vestir y sus accesorios (incluye articulos de piel) en establecimientos especializados,MEDELLIN,ANTIOQUIA,CARRERA 51 47 30,https://empresite.eleconomistaamerica.co/INVERSIONES-MAXI-MODA-HK-SAS.html,INVERSIONES MAXI MODA HK S A S,INVERSION-EXTRANJERA-MODA,(4)5127698
Confeccion de prendas de vestir excepto prendas de piel,MEDELLIN,ANTIOQUIA,TRANSVERSAL 49 D 59 47 PISO 6,https://empresite.eleconomistaamerica.co/INVERSIONES-FRUTO-MODA-LTDA.html,INVERSIONES FRUTO DE MODA LTDA,INVERSION-EXTRANJERA-MODA,(4)5730001
Actividades inmobiliarias realizadas con bienes propios o arrendados,MEDELLIN,ANTIOQUIA,CARRERA 76 A 17 A 8,https://empresite.eleconomistaamerica.co/INVERSION-EXTRANJERA-LTDA.html,INVERSION EXTRANJERA LTDA,INVERSION-EXTRANJERA-CONFECCION,(4)3438966
Confeccion de prendas de vestir excepto prendas de piel,MEDELLIN,ANTIOQUIA,CALLE 47 D 78 A 39,https://empresite.eleconomistaamerica.co/CONFECCIONES-INVERSIONES-FYJ-SAS.html,CONFECCIONES E INVERSIONES FYJ S A S,INVERSION-EXTRANJERA-CONFECCION,(4)4118412
Confeccion de prendas de vestir excepto prendas de piel,MEDELLIN,ANTIOQUIA,CARRERA 58 A 29 30 LOCAL 301,https://empresite.eleconomistaamerica.co/INVERSIONES-CONFECCIONES-SA.html,INVERSIONES Y CONFECCIONES S A,INVERSION-EXTRANJERA-CONFECCION,(4)2658908
Confeccion de prendas de vestir excepto prendas de piel,ITAGUI,ANTIOQUIA,DIAGONAL 38 A 33 32 IN 301,https://empresite.eleconomistaamerica.co/PRENDAS-DECA-SAS.html,PRENDAS DECA S A S,PRENDAS-DE-VESTIR,3206918619
Comercio al por mayor de prendas de vestir,MEDELLIN,ANTIOQUIA,CARRERA 71 B 24 B 11,https://empresite.eleconomistaamerica.co/EXPORTACIONES-PRENDAS-VESTIR-DULCE-PECADO-SAS-ANTIOQUIA.html,EXPORTACIONES PRENDAS DE VESTIR DULCE PECADO S A S,PRENDAS-DE-VESTIR,(4)5045883
Confeccion de prendas de vestir excepto prendas de piel,MEDELLIN,ANTIOQUIA,CARRERA 52 1 171 INT 202,https://empresite.eleconomistaamerica.co/MANUFACTURAS-PRENDAS-VESTIR-DANYKAR-SAS.html,MANUFACTURAS DE PRENDAS DE VESTIR DANYKAR S A S,PRENDAS-DE-VESTIR,(4)5802500
Comercio al por menor de prendas de vestir y sus accesorios (incluye articulos de piel) en establecimientos especializados,MEDELLIN,ANTIOQUIA,CARRERA 43 B 8 56 PISO 2,https://empresite.eleconomistaamerica.co/BLUSAS-FRENESI-LTDA.html,BLUSAS FRENESI LTDA,BLUSAS,(4)3115906
Confeccion de prendas de vestir excepto prendas de piel,MEDELLIN,ANTIOQUIA,CARRERA 51 41 42 L 306,https://empresite.eleconomistaamerica.co/BLUSAS-PUNTO-CONFECCIONES-SAS.html,BLUSAS Y PUNTO CONFECCIONES S A S,BLUSAS,(4)2320797
Confeccion de prendas de vestir excepto prendas de piel,MEDELLIN,ANTIOQUIA,CARRERA 59A 14 95,https://empresite.eleconomistaamerica.co/STOP-SA.html,STOP S A S,BLUSAS,(4)2559044
Confeccion de prendas de vestir excepto prendas de piel,MEDELLIN,ANTIOQUIA,CALLE 72 64 C 54,https://empresite.eleconomistaamerica.co/LEMUR-700-SA.html,LEMUR 700 S A,BLUSAS,(4)4455850
Comercio al por menor de productos textiles en establecimientos especializados,MEDELLIN,ANTIOQUIA,CARRERA 53 49 68 LOCAL 108,https://empresite.eleconomistaamerica.co/APLIQUES-BLUSAS-ARISTY-SAS.html,APLIQUES Y BLUSAS ARISTY S A S,BLUSAS,(4)3616012
Comercio al por menor en establecimientos no especializados con surtido compuesto principalmente por alimentos bebidas o tabaco,ENVIGADO,ANTIOQUIA,CARRERA 48 32 B SUR 139,https://empresite.eleconomistaamerica.co/ALMACENES-EXITO-SA.html,ALMACENES EXITO S A,CAMISETAS,(4)6049696
Confeccion de prendas de vestir excepto prendas de piel,MEDELLIN,ANTIOQUIA,CARRERA 59A 14 95,https://empresite.eleconomistaamerica.co/STOP-SA.html,STOP S A S,CAMISETAS,(4)2559044
Confeccion de prendas de vestir excepto prendas de piel,MEDELLIN,ANTIOQUIA,CALLE 72 64 C 54,https://empresite.eleconomistaamerica.co/LEMUR-700-SA.html,LEMUR 700 S A,CAMISETAS,(4)4455850
Confeccion de prendas de vestir excepto prendas de piel,MEDELLIN,ANTIOQUIA,CARRERA 50 7 35,https://empresite.eleconomistaamerica.co/CI-HERMECO-SA.html,C I HERMECO S A,CAMISETAS,(4)5405100
Confeccion de prendas de vestir excepto prendas de piel,MEDELLIN,ANTIOQUIA,CALLE 49 50 21 OF 2203,https://empresite.eleconomistaamerica.co/SS-SOCIEDAD-SECRETA-SA.html,SS SOCIEDAD SECRETA S A,CAMISETAS,(4)5120098
Confeccion de prendas de vestir excepto prendas de piel,MEDELLIN,ANTIOQUIA,CALLE 25 45 19,https://empresite.eleconomistaamerica.co/CONFECCION-CAMISAS-CAMISETAS-SAS.html,CONFECCION CAMISAS Y CAMISETAS S A S,CAMISETAS,(4)2328241
Confeccion de prendas de vestir excepto prendas de piel,MEDELLIN,ANTIOQUIA,CARRERA 53 46 31 LOCAL 125,https://empresite.eleconomistaamerica.co/CENTRO-CAMISETAS-SAS.html,EL CENTRO DE LAS CAMISETAS S A S,CAMISETAS,(4)2518095
Confección de prendas de vestir,MEDELLIN,ANTIOQUIA,CALLE 51 54 20,https://empresite.eleconomistaamerica.co/CAMISAS-BAYKAR-LTDA.html,CAMISAS BAYKAR LTDA,CAMISAS,(4)5120975
Tratamiento y revestimiento de metales mecanizado,MEDELLIN,ANTIOQUIA,CALLE 31 45 11,https://empresite.eleconomistaamerica.co/UNIVERSAL-CILINDROS-HIDRAULICOS-SA.html,UNIVERSAL DE CILINDROS HIDRAULICOS S A,CAMISAS,(4)2622341
Confeccion de prendas de vestir excepto prendas de piel,MEDELLIN,ANTIOQUIA,CALLE 49 50 21 OF 2203,https://empresite.eleconomistaamerica.co/SS-SOCIEDAD-SECRETA-SA.html,SS SOCIEDAD SECRETA S A,CAMISAS,(4)5120098
Confeccion de prendas de vestir excepto prendas de piel,MEDELLIN,ANTIOQUIA,CALLE 25 45 19,https://empresite.eleconomistaamerica.co/CONFECCION-CAMISAS-CAMISETAS-SAS.html,CONFECCION CAMISAS Y CAMISETAS S A S,CAMISAS,(4)2328241
Confeccion de prendas de vestir excepto prendas de piel,MEDELLIN,ANTIOQUIA,CALLE 72 64 C 96 BG 101,https://empresite.eleconomistaamerica.co/DISENOS-CAMISAS-SAS.html,DISENOS Y CAMISAS S A S,CAMISAS,(4)4444525
Actividades de otras asociaciones n c p,MEDELLIN,ANTIOQUIA,CARRERA 50 66 55,https://empresite.eleconomistaamerica.co/FUNDACION-CAMISASBLANCAS.html,FUNDACION CAMISASBLANCAS,CAMISAS,(4)5162727
Confeccion de prendas de vestir excepto prendas de piel,MEDELLIN,ANTIOQUIA,CARRERA 59A 14 95,https://empresite.eleconomistaamerica.co/STOP-SA.html,STOP S A S,JEANS,(4)2559044
Confeccion de prendas de vestir excepto prendas de piel,MEDELLIN,ANTIOQUIA,CARRERA 51 14 115,https://empresite.eleconomistaamerica.co/JEANS-PLATINO-SA.html,JEANS PLATINO S A,JEANS,(4)2357878
Acabado de productos textiles,DON MATIAS,ANTIOQUIA,CALLE 36 30 13,https://empresite.eleconomistaamerica.co/JEANS-LAB-SAS.html,JEANS LAB S A S,JEANS,(4)8663251
Comercio al por menor de prendas de vestir y sus accesorios (incluye articulos de piel) en establecimientos especializados,MEDELLIN,ANTIOQUIA,CARRERA 33 28 150 TORRE 5,https://empresite.eleconomistaamerica.co/JEANS-LAX-SAS.html,JEANS LAX S A S,JEANS,(4)5591903
Comercio al por menor de prendas de vestir y sus accesorios (incluye articulos de piel) en establecimientos especializados,MEDELLIN,ANTIOQUIA,,https://empresite.eleconomistaamerica.co/JEANS-R-US-LTDA.html,JEANS R US LTDA,JEANS,(4)2306208
Confeccion de prendas de vestir excepto prendas de piel,ITAGUI,ANTIOQUIA,CARRERA 54 79 07,https://empresite.eleconomistaamerica.co/JEANS-PUNTO-LTDA.html,JEANS Y PUNTO LTDA,JEANS,(4)2814253
Confeccion de prendas de vestir excepto prendas de piel,MEDELLIN,ANTIOQUIA,TRANSVERSAL 49 C 59 18 PISO 2,https://empresite.eleconomistaamerica.co/JEANS-LATINOS-SAS.html,JEANS LATINOS S A S,JEANS,(4)2519086
Confeccion de prendas de vestir excepto prendas de piel,MEDELLIN,ANTIOQUIA,CALLE 48 57 87 IN 102,https://empresite.eleconomistaamerica.co/JEANS-MODA-EXPORTACIONES-SAS.html,JEANS MODA EXPORTACIONES S A S,JEANS,(4)2932727
Comercio al por menor en establecimientos no especializados con surtido compuesto principalmente por alimentos bebidas o tabaco,ENVIGADO,ANTIOQUIA,CARRERA 48 32 B SUR 139,https://empresite.eleconomistaamerica.co/ALMACENES-EXITO-SA.html,ALMACENES EXITO S A,JEANS,(4)6049696
Confeccion de prendas de vestir excepto prendas de piel,MEDELLIN,ANTIOQUIA,CARRERA 50 7 35,https://empresite.eleconomistaamerica.co/CI-HERMECO-SA.html,C I HERMECO S A,JEANS,(4)5405100
Confeccion de prendas de vestir excepto prendas de piel,MEDELLIN,ANTIOQUIA,CALLE 49 50 21 OF 2203,https://empresite.eleconomistaamerica.co/SS-SOCIEDAD-SECRETA-SA.html,SS SOCIEDAD SECRETA S A,JEANS,(4)5120098
Confeccion de prendas de vestir excepto prendas de piel,MEDELLIN,ANTIOQUIA,CALLE 59 53 35 PISO 2,https://empresite.eleconomistaamerica.co/INVERSIONES-LIDER-JEANS-SAS.html,INVERSIONES LIDER JEANS S A S,JEANS,(4)2513722
Confección de prendas de vestir,MEDELLIN,ANTIOQUIA,CA 28 45 39,https://empresite.eleconomistaamerica.co/ELEMENTS-JEANS-SAS.html,ELEMENTS JEANS S A S,JEANS,(4)2693987
Confeccion de prendas de vestir excepto prendas de piel,MEDELLIN,ANTIOQUIA,CALLE 29 52 26 INT 402,https://empresite.eleconomistaamerica.co/EMBU-JEANS-SAS.html,EMBU JEANS S A,JEANS,(4)2651769
Comercio al por menor de prendas de vestir y sus accesorios (incluye articulos de piel) en establecimientos especializados,MEDELLIN,ANTIOQUIA,CARRERA 82 9 SUR 79 APTO 1,https://empresite.eleconomistaamerica.co/CI-BOX-JEANS-SAS.html,C I BOX JEANS S A S,JEANS,3206839418
Confeccion de prendas de vestir excepto prendas de piel,ITAGUI,ANTIOQUIA,CARRERA 52 D 81 26 IN 301,https://empresite.eleconomistaamerica.co/XIXY-JEANS-SAS.html,XIXY JEANS S A S,JEANS,(4)4443431
Confeccion de prendas de vestir excepto prendas de piel,ITAGUI,ANTIOQUIA,CARRERA 52 D 81 35 BG 201,https://empresite.eleconomistaamerica.co/INVERSIONES-MY-JEANS-SAS.html,INVERSIONES MY JEANS S A S,JEANS,(4)4485886
Confeccion de prendas de vestir excepto prendas de piel,MEDELLIN,ANTIOQUIA,CALLE 29 45 58,https://empresite.eleconomistaamerica.co/COCOA-REPUBLIC-JEANS-SA.html,COCOA JEANS S A S,JEANS,(4)4441830
Confeccion de prendas de vestir excepto prendas de piel,MEDELLIN,ANTIOQUIA,TRANSVERSAL 49 D 59 7 PISO 4,https://empresite.eleconomistaamerica.co/GLITTER-JEANS-SAS.html,GLITTER JEANS S A S,JEANS,(4)2513418
Confeccion de prendas de vestir excepto prendas de piel,DON MATIAS,ANTIOQUIA,CARRERA 24 21 79,https://empresite.eleconomistaamerica.co/YYK-JEANS-CONFECCIONES-SAS.html,Y Y K JEANS CONFECCIONES S A S,JEANS,(4)8665696
Comercio al por mayor de prendas de vestir,RIONEGRO,ANTIOQUIA,AEROPUERTO MULTICENTRO BODEGA 8 GLORIETA,https://empresite.eleconomistaamerica.co/KOSTAS-JEANSWEAR-SA.html,KOSTAS JEANSWEAR S A,JEANS,3174351760
Confeccion de prendas de vestir excepto prendas de piel,MEDELLIN,ANTIOQUIA,CARRERA 70 32 70 OF 201,https://empresite.eleconomistaamerica.co/SOCIEDAD-COMERCIALIZACION-INTERNACIONAL-JEANS-COMPANY-SA.html,U JEANS Y COMPANY S A S,JEANS,(4)3118360
Confección de prendas de vestir,DON MATIAS,ANTIOQUIA,CARRERA 30 31 47,https://empresite.eleconomistaamerica.co/CREACIONES-EURO-JEANS-LTDA.html,CREACIONES EURO JEANS LTDA,JEANS,(4)8663634
Fabricacion de articulos de punto y ganchillo,ENVIGADO,ANTIOQUIA,DIAGONAL 32 B 33 A SUR 23,https://empresite.eleconomistaamerica.co/BASE-JEANS-EU.html,BASE JEANS E U,JEANS,(4)3310674
Confeccion de prendas de vestir excepto prendas de piel,MEDELLIN,ANTIOQUIA,CARRERA 56 B 49 A 29 I NTE 1,https://empresite.eleconomistaamerica.co/TOP-M-JEANS-1-SA.html,TOP M JEANS 1 S A S,JEANS,(4)5117345
Confeccion de prendas de vestir excepto prendas de piel,ENVIGADO,ANTIOQUIA,CARRERA 43 A 40 SUR 57,https://empresite.eleconomistaamerica.co/INDUSTRIAS-1868-JEANS-SAS.html,INDUSTRIAS NAK JEANS S A S,JEANS,(4)6141747
Confeccion de prendas de vestir excepto prendas de piel,MEDELLIN,ANTIOQUIA,CARRERA 56 C 49 30 LC 301,https://empresite.eleconomistaamerica.co/PAO-JEANS-SAS.html,PAO JEANS S A S,JEANS,(4)5132967
Confeccion de prendas de vestir excepto prendas de piel,MEDELLIN,ANTIOQUIA,CALLE 52 A 56 14 INT 201,https://empresite.eleconomistaamerica.co/PIPE-S-JEANS-SAS.html,PIPE S JEANS S A S,JEANS,(4)2517561
Confeccion de prendas de vestir excepto prendas de piel,MEDELLIN,ANTIOQUIA,DIAGONAL 74 D 32 BB 52 INT 20,https://empresite.eleconomistaamerica.co/TENTACION-JEANS-SAS.html,TENTACION JEANS S A S,JEANS,(4)4118817
Acabado de productos textiles,MEDELLIN,ANTIOQUIA,CALLE 7 81 B 13 APTO 30,https://empresite.eleconomistaamerica.co/MILAGROS-JEANS-SAS.html,MILAGROS JEANS S A S,JEANS,(4)5837923
Confeccion de prendas de vestir excepto prendas de piel,DON MATIAS,ANTIOQUIA,CALLE 34 30 78 LOCAL 201,https://empresite.eleconomistaamerica.co/COMERCIALIZADORA-MUNDO-JEANS-SAS.html,COMERCIALIZADORA MUNDO JEANS S A S,JEANS,(4)8665523
Confeccion de prendas de vestir excepto prendas de piel,MEDELLIN,ANTIOQUIA,CALLE 48 52 A 10 LOCAL 4,https://empresite.eleconomistaamerica.co/REAL-DAGA-JEANS-SAS.html,REAL DAGA JEANS S A S,JEANS,(4)2512499
Confeccion de prendas de vestir excepto prendas de piel,MEDELLIN,ANTIOQUIA,TRANSVERSAL 78 65 233,https://empresite.eleconomistaamerica.co/ZOY-JEANS-SAS.html,ZOY JEANS S A S,JEANS,(4)4419903
Confeccion de prendas de vestir excepto prendas de piel,DON MATIAS,ANTIOQUIA,CALLE 28 29 37 LOCAL 201,https://empresite.eleconomistaamerica.co/CONFECCIONES-M-JEANS-SAS.html,CONFECCIONES M JEANS S A S,JEANS,(4)8665251
Confeccion de prendas de vestir excepto prendas de piel,MEDELLIN,ANTIOQUIA,CALLE 49 56 15 LOCAL 801,https://empresite.eleconomistaamerica.co/INDUSTRIAS-DJ-JEANS-SAS.html,INDUSTRIAS DJ JEANS S A S,JEANS,(4)2930657
Confeccion de prendas de vestir excepto prendas de piel,ITAGUI,ANTIOQUIA,CARRERA 55 80 63 P 4,https://empresite.eleconomistaamerica.co/CONFECCIONES-ROCCO-JEANS-SAS.html,CONFECCIONES ROCCO JEANS S A S,JEANS,3128855925
Confeccion de prendas de vestir excepto prendas de piel,MEDELLIN,ANTIOQUIA,TRANSVERSAL 49 C 59 55 PISO 4,https://empresite.eleconomistaamerica.co/DO-JEANS-CONFECCIONES-SAS.html,DO JEANS CONFECCIONES S A S,JEANS,(4)2519695
Comercio al por mayor de prendas de vestir,MEDELLIN,ANTIOQUIA,CALLE 48 53 69 414 415 4,https://empresite.eleconomistaamerica.co/SANTAELLA-JEANS-SAS.html,SANTAELLA JEANS S A S,JEANS,(4)4234273
Confeccion de prendas de vestir excepto prendas de piel,MEDELLIN,ANTIOQUIA,CALLE 45 G 77 A 15,https://empresite.eleconomistaamerica.co/CREACIONES-INFINITO-JEANS-SAS.html,CREACIONES INFINITO JEANS S A S,JEANS,(4)4139353
Confeccion de prendas de vestir excepto prendas de piel,MEDELLIN,ANTIOQUIA,CALLE 76 50 B 16,https://empresite.eleconomistaamerica.co/FERRARO-JEANS-SAS.html,FERRARO JEANS S A S,JEANS,(4)2126947
Confeccion de prendas de vestir excepto prendas de piel,MEDELLIN,ANTIOQUIA,CARRERA 57 51 110 LOCAL 20,https://empresite.eleconomistaamerica.co/ZAFIRA-JEANS-SAS.html,ZAFIRA JEANS S A S,JEANS,(4)2315416
Confeccion de prendas de vestir excepto prendas de piel,MEDELLIN,ANTIOQUIA,CARRERA 56 46 49 LOC 1304,https://empresite.eleconomistaamerica.co/WAALS-JEANS-LTDA.html,WAALS JEANS LTDA,JEANS,(4)2319493
Confeccion de prendas de vestir excepto prendas de piel,MEDELLIN,ANTIOQUIA,CARRERA 34 8A 23,https://empresite.eleconomistaamerica.co/EASY-JEANS-LTDA.html,EASY JEANS LTDA,JEANS,(4)3115416
Comercio al por menor de prendas de vestir y sus accesorios (incluye articulos de piel) en establecimientos especializados,MEDELLIN,ANTIOQUIA,CARRERA 49 52 170,https://empresite.eleconomistaamerica.co/ROSS-JEANS-SA.html,ROSS JEANS S A,JEANS,(4)2512820
Confeccion de prendas de vestir excepto prendas de piel,DON MATIAS,ANTIOQUIA,CARRERA 30 28 47,https://empresite.eleconomistaamerica.co/CREACIONES-JEANS-GILS-LTDA.html,CREACIONES JEANS GILS LTDA,JEANS,(4)8663045
Confeccion de prendas de vestir excepto prendas de piel,MEDELLIN,ANTIOQUIA,CARRERA 54 48 74 PISO 3,https://empresite.eleconomistaamerica.co/LATIN-JEANS-CLOTHING-SAS.html,LATIN JEANS CLOTHING S  A  S,JEANS,(4)5125498
Confeccion de prendas de vestir excepto prendas de piel,MEDELLIN,ANTIOQUIA,CARRERA 56 B 49 A 29 OFICINA,https://empresite.eleconomistaamerica.co/TRIVASSI-JEANS-SAS.html,TRIVASSI JEANS S A S,JEANS,(4)2513162
Confección de prendas de vestir,ITAGUI,ANTIOQUIA,CL 79 52 D 94 IN 201,https://empresite.eleconomistaamerica.co/CAMEL-JEANS-SAS.html,CAMEL JEANS S A S EN LIQUIDACION,JEANS,(4)3735897
Confeccion de prendas de vestir excepto prendas de piel,MEDELLIN,ANTIOQUIA,CARRERA 81 42 99,https://empresite.eleconomistaamerica.co/STREET-FASHION-JEANS-SA.html,STREET FASHION JEANS S A S,JEANS,(4)3221796
Elaboracion de productos de panaderia,BARBOSA,ANTIOQUIA,CALLE 15 10 17,https://empresite.eleconomistaamerica.co/INVERSIONES-MAS-JEANS-SAS.html,INVERSIONES MAS JEANS S A S,JEANS,3205260862
Comercio al por menor de prendas de vestir y sus accesorios (incluye articulos de piel) en establecimientos especializados,ITAGUI,ANTIOQUIA,CL 78 CR 52 D 42,https://empresite.eleconomistaamerica.co/CONFECCIONES-JRY-JEANS-SAS.html,CONFECCIONES J R Y JEANS S A S EN LIQUIDACION,JEANS,(4)2779200
Confeccion de prendas de vestir excepto prendas de piel,MEDELLIN,ANTIOQUIA,CALLE 50 71 42,https://empresite.eleconomistaamerica.co/CONFECCIONES-WAIT-JEANS-COMPANIA-LTDA.html,CONFECCIONES WAIT JEANS Y COMPANIA LTDA,JEANS,(4)2508522
Confección de prendas de vestir,MEDELLIN,ANTIOQUIA,CA 56 B 49 A 29 BOD 807,https://empresite.eleconomistaamerica.co/AMEN-JEANS-WEAR-SA.html,AMEN JEANS WEAR S A EN LIQUIDACION,JEANS,(4)5112818
Confeccion de prendas de vestir excepto prendas de piel,MEDELLIN,ANTIOQUIA,TRANSVERSAL 49 D 59 07 PISO 2,https://empresite.eleconomistaamerica.co/CONFECCIONES-UTOPIA-JEANS.html,CONFECCIONES UTOPIA JEANS S A,JEANS,(4)2931434
Confeccion de prendas de vestir excepto prendas de piel,ENVIGADO,ANTIOQUIA,,https://empresite.eleconomistaamerica.co/CARPIN-JEANS-EAT.html,CARPIN JEANS E A T,JEANS,(4)3748031
Confeccion de prendas de vestir excepto prendas de piel,DON MATIAS,ANTIOQUIA,CARRERA 29 26 60,https://empresite.eleconomistaamerica.co/CREACIONES-SANTI-JEANS-MSAS.html,CREACIONES SANTI JEANS M S A S,JEANS,(4)8663787
Confeccion de prendas de vestir excepto prendas de piel,MEDELLIN,ANTIOQUIA,CALLE 49 54 46 LC 417,https://empresite.eleconomistaamerica.co/DENIM-BLUE-JEANS-SAS.html,DENIM BLUE JEANS S A S,JEANS,(4)5112312
Confeccion de prendas de vestir excepto prendas de piel,MEDELLIN,ANTIOQUIA,CARRERA 53 48 15 PISO 5 OF,https://empresite.eleconomistaamerica.co/STUDIO-JR-JEANS-SAS.html,STUDIO JR JEANS S A S,JEANS,(4)3667291
Confeccion de prendas de vestir excepto prendas de piel,MEDELLIN,ANTIOQUIA,CALLE 46 60 27 INT 301,https://empresite.eleconomistaamerica.co/RETRO-JEANS-SAS.html,RETRO JEANS SAS,JEANS,(4)5118662
Confeccion de prendas de vestir excepto prendas de piel,MEDELLIN,ANTIOQUIA,CALLE 50 55 94 OFICINA 3,https://empresite.eleconomistaamerica.co/CABANA-S-JEANS-SAS.html,CABANA S JEANS S A S,JEANS,(4)2933982
Confeccion de prendas de vestir excepto prendas de piel,LA ESTRELLA,ANTIOQUIA,CARRERA 53 77 SUR 120,https://empresite.eleconomistaamerica.co/COMERCIALIZADORA-INTERNACIONAL-JEANS-SA.html,COMERCIALIZADORA INTERNACIONAL JEANS S A S,JEANS,(4)3099898
Confeccion de prendas de vestir excepto prendas de piel,ITAGUI,ANTIOQUIA,CARRERA 51 83 06 IN 201,https://empresite.eleconomistaamerica.co/JW-JEANS-SAS.html,JW JEANS S A S,JEANS,(4)5975994
Confeccion de prendas de vestir excepto prendas de piel,MEDELLIN,ANTIOQUIA,CARRERA 73 52 65 APT 905,https://empresite.eleconomistaamerica.co/INVERSIONES-AKITA-JEANS-SAS.html,INVERSIONES AKITA JEANS S A S,JEANS,(4)5045337
Comercio al por mayor no especializado,MEDELLIN,ANTIOQUIA,CARRERA 54 45 A 54 LA TORR,https://empresite.eleconomistaamerica.co/URBAN-HOUSE-JEANS-SAS.html,URBAN HOUSE JEANS SAS,JEANS,(4)5110629
Comercio al por mayor de prendas de vestir,ENVIGADO,ANTIOQUIA,CALLE 35 SUR 43 56,https://empresite.eleconomistaamerica.co/COMERCIALIZADORA-CHIPREE-JEANS-SAS.html,COMERCIALIZADORA CHIPREE JEANS S A S,JEANS,(4)2700130
Confeccion de prendas de vestir excepto prendas de piel,SABANETA,ANTIOQUIA,CALLE 55 SUR 43 A 108 IN 602,https://empresite.eleconomistaamerica.co/PUNTO-G-AMERICAN-JEANS-LTDA.html,PUNTO G AMERICAN JEANS LTDA,JEANS,(4)3015260
Confeccion de prendas de vestir excepto prendas de piel,MEDELLIN,ANTIOQUIA,,https://empresite.eleconomistaamerica.co/MASTER-JEANS-DISENO-INTERNACIONAL-LTDA.html,MASTER JEANS DISENO INTERNACIONAL LTDA,JEANS,
Confeccion de prendas de vestir excepto prendas de piel,MEDELLIN,ANTIOQUIA,,https://empresite.eleconomistaamerica.co/METRO-JEANS-LTDA.html,METRO JEANS LTDA,JEANS,(4)5111167
Confeccion de prendas de vestir excepto prendas de piel,MEDELLIN,ANTIOQUIA,CALLE 72 64 C 96 BODEGA,https://empresite.eleconomistaamerica.co/ZENSKA-JEANS-SAS.html,ZENSKA JEANS S A S,JEANS,(4)4413843
Confeccion de prendas de vestir excepto prendas de piel,MEDELLIN,ANTIOQUIA,,https://empresite.eleconomistaamerica.co/INTER-JEANS-LTDA.html,INTER JEANS LTDA,JEANS,(4)3111045
Confeccion de prendas de vestir excepto prendas de piel,MEDELLIN,ANTIOQUIA,CARRERA 34 18 AA 142,https://empresite.eleconomistaamerica.co/COMERCIALIZADORA-INTERNACIONAL-BTWO-JEANS-SA.html,COMERCIALIZADORA INTERNACIONAL BTWO JEANS S A,JEANS,(4)3136702
Confeccion de prendas de vestir excepto prendas de piel,MEDELLIN,ANTIOQUIA,CALLE 48 39 26,https://empresite.eleconomistaamerica.co/FEVER-JEANS-EU.html,FEVER JEANS S A S,JEANS,(4)2933182
Comercio al por mayor de prendas de vestir,MEDELLIN,ANTIOQUIA,CALLE 14 30 100 PISO 2,https://empresite.eleconomistaamerica.co/LINA-CANTILLO-JEANS-WEAR-LTDA.html,LINA CANTILLO JEANS WEAR LTDA,JEANS,(4)2667806
Confeccion de prendas de vestir excepto prendas de piel,DON MATIAS,ANTIOQUIA,CALLE 33 32 A 28,https://empresite.eleconomistaamerica.co/CONFECCIONES-OSMY-JEANS-SAS.html,CONFECCIONES OSMY JEANS S A S,JEANS,(4)8663468
Confeccion de prendas de vestir excepto prendas de piel,ITAGUI,ANTIOQUIA,CALLE 81 52 A 44 IN 4,https://empresite.eleconomistaamerica.co/FEROZ-JEANS-SAS.html,FEROZ JEANS S A S,JEANS,3117902635
Comercio al por mayor de prendas de vestir,ITAGUI,ANTIOQUIA,CARRERA 42 54 A 155,https://empresite.eleconomistaamerica.co/MAQUILA-JEANS-SA.html,MAQUILA JEANS S A,JEANS,(4)3771819
,ITAGUI,ANTIOQUIA,CARRERA 52 D 76 67 LC 201,https://empresite.eleconomistaamerica.co/SILVER-DIVA-JEANS-EU.html,SILVER DIVA JEANS E U,JEANS,
,ITAGUI,ANTIOQUIA,CARRERA 52 D 81 35 BG 204,https://empresite.eleconomistaamerica.co/GRUPO-AVALON-JEANS-SAS.html,GRUPO AVALON JEANS S A S,JEANS,
Confeccion de prendas de vestir excepto prendas de piel,MEDELLIN,ANTIOQUIA,CALLE 20 57 43,https://empresite.eleconomistaamerica.co/MAXXY-JEANS-SAS.html,MAXXY JEANS S A S,JEANS,(4)4890645
Confeccion de prendas de vestir excepto prendas de piel,MEDELLIN,ANTIOQUIA,CALLE 30 A 56 54,https://empresite.eleconomistaamerica.co/CAMINO-JEANS-LTDA.html,EL CAMINO DEL JEANS LTDA,JEANS,(4)2513537
,DON MATIAS,ANTIOQUIA,CARRERA 26 A 28 B 03,https://empresite.eleconomistaamerica.co/MILEOS-JEANS-LTDA.html,MILEOS JEANS LTDA,JEANS,
,MEDELLIN,ANTIOQUIA,CARRERA 57 46 25,https://empresite.eleconomistaamerica.co/DOCKER-JEANS-EU.html,DOCKER JEANS E U,JEANS,
,MEDELLIN,ANTIOQUIA,CARRERA 55 49 18,https://empresite.eleconomistaamerica.co/DISTRIBUIDORA-DICALI-JEANS-LTDA.html,DISTRIBUIDORA DICALI JEANS LTDA,JEANS,
,MEDELLIN,ANTIOQUIA,CARRERA 79 A 32 29,https://empresite.eleconomistaamerica.co/VERSEAU-JEANS-WEAR-LTDA.html,VERSEAU JEANS WEAR LTDA,JEANS,
,MEDELLIN,ANTIOQUIA,CALLE 75 75 50 INT 130,https://empresite.eleconomistaamerica.co/CI-CONFORT-JEANS-ASOCIADOS-SA.html,C I CONFORT JEANS ASOCIADOS S A,JEANS,
Confeccion de prendas de vestir excepto prendas de piel,MEDELLIN,ANTIOQUIA,CARRERA 57 61 A 16 2 PISO,https://empresite.eleconomistaamerica.co/MCM-JEANS-GIRALDO-COMPANIA-SCS.html,M C M JEANS GIRALDO Y COMPANIA S C S,JEANS,(4)2934722
Confeccion de prendas de vestir excepto prendas de piel,MEDELLIN,ANTIOQUIA,CARRERA 57 28 23 PISO 2,https://empresite.eleconomistaamerica.co/JYD-JEANS-LTDA.html,J Y D JEANS LTDA,JEANS,(4)2659977
Confeccion de prendas de vestir excepto prendas de piel,MEDELLIN,ANTIOQUIA,CARRERA 46 30 17 INT 301,https://empresite.eleconomistaamerica.co/LE-JEANS-SAS.html,LE JEANS S A S,JEANS,(4)2327414
,ITAGUI,ANTIOQUIA,CALLE 79 52 A 99,https://empresite.eleconomistaamerica.co/MACK-JEANS-901-SAS.html,MACK JEANS 901 S A S,JEANS,
Comercio al por mayor de productos alimenticios,MEDELLIN,ANTIOQUIA,CARRERA 43 A 1 SUR 100,https://empresite.eleconomistaamerica.co/CI-ANAMA-JEANS-SAS.html,COMERCIALIZADORA INTERNACIONAL ARCA GOLD S A,JEANS,(4)4799784
Comercio al por mayor de prendas de vestir,MEDELLIN,ANTIOQUIA,CARRERA 52 6 SUR 91,https://empresite.eleconomistaamerica.co/CYF-INTERNATIONAL-SAS.html,C&F INTERNATIONAL S A S,ROPA-INTERIOR-MASCULINA,(4)4449141
,SABANETA,ANTIOQUIA,CARRERA 49 61 SUR 540,https://empresite.eleconomistaamerica.co/TIENDAS-ROPA-INTIMA-SA.html,TIENDAS DE ROPA INTIMA S A,ROPA-INTERIOR-MASCULINA,
,MEDELLIN,ANTIOQUIA,CALLE 72 64 C 54,https://empresite.eleconomistaamerica.co/LEMUR-700-SA.html,LEMUR 700 S A,ROPA-INTERIOR-MASCULINA,
,LA ESTRELLA,ANTIOQUIA,CARRERA 48 98 A SUR 500,https://empresite.eleconomistaamerica.co/COMPANIA-INTERNACIONAL-SOLUCIONES-CREATIVAS-SA.html,COMPANIA INTERNACIONAL DE SOLUCIONES CREATIVAS S A S,ROPA-INTERIOR-MASCULINA,
Comercio al por menor en establecimientos no especializados con surtido compuesto principalmente por alimentos bebidas o tabaco,ENVIGADO,ANTIOQUIA,CARRERA 48 32 B SUR 139,https://empresite.eleconomistaamerica.co/ALMACENES-EXITO-SA.html,ALMACENES EXITO S A,ROPA-INTERIOR-MASCULINA,(4)6049696
,MEDELLIN,ANTIOQUIA,CARRERA 43 A 31 159,https://empresite.eleconomistaamerica.co/KIBYS-SAS.html,KIBYS S A S,ROPA-INTERIOR-MASCULINA,
,SABANETA,ANTIOQUIA,CARRERA 46 B 70 SUR 18,https://empresite.eleconomistaamerica.co/COMERCIALIZADORA-ROPA-INTERIOR-FEMENINA-MUJER-VIVAZ-LTDA.html,COMERCIALIZADORA DE ROPA INTERIOR FEMENINA MUJER VIVAZ LTDA,ROPA-INTERIOR-MASCULINA,
,MEDELLIN,ANTIOQUIA,CARRERA 81 54 23 BARRIO CA,https://empresite.eleconomistaamerica.co/CREACIONES-ROPA-INTERIOR-EXTERIOR-OTTO-SERGIO-SAS.html,CREACIONES DE ROPA INTERIOR Y EXTERIOR OTTO Y SERGIO S A S,ROPA-INTERIOR-MASCULINA,