Actividad,Ciudad,Departamento,Direccion,Link,Nombre_Empresa,Tema_Busqueda,telefono
Comercio al por menor de electrodomesticos y gasodomesticos de uso domestico muebles y equipos de iluminacion,MEDELLIN,ANTIOQUIA,CALLE 49 A 65 A 53 OFICINA,https://empresite.eleconomistaamerica.co/DOMOTICA-SYD-SAS.html,DOMOTICA SYD S A S,DOMOTICA,3113595858
Actividades de arquitectura e ingenieria y otras actividades conexas de consultoria tecnica,ITAGUI,ANTIOQUIA,CARRERA 42 75 83 LC 246,https://empresite.eleconomistaamerica.co/DOMOTICA-APLICADA-SAS.html,DOMOTICA APLICADA S A S,DOMOTICA,3045501115
Mantenimiento y reparacion de equipos de comunicacion,MEDELLIN,ANTIOQUIA,CARRERA 42 7 SUR 92,https://empresite.eleconomistaamerica.co/DOMOTICA-SOLUCIONES-SAS.html,DOMOTICA SOLUCIONES S A S,DOMOTICA,3022800110
Instalaciones electricas,MEDELLIN,ANTIOQUIA,CARRERA 65 8 B 91 INT 414,https://empresite.eleconomistaamerica.co/DOMOTICA-INGENIERIAS-EFICIENTES-SAS.html,DOMOTICA E INGENIERIAS EFICIENTES S A S,DOMOTICA,(4)4488742
Actividades de arquitectura e ingenieria y otras actividades conexas de consultoria tecnica,MEDELLIN,ANTIOQUIA,CALLE 15 80 105 INT 134,https://empresite.eleconomistaamerica.co/ID-DOMOTICA-TECNOLOGIA-SAS.html,ID DOMOTICA Y TECNOLOGIA S A S,DOMOTICA,(4)5823108
Actividades de arquitectura e ingenieria y otras actividades conexas de consultoria tecnica,MEDELLIN,ANTIOQUIA,CALLE 36 S 35 46 INT 302,https://empresite.eleconomistaamerica.co/ID-DOMOTICA-INGENIERIA-AUTOMATIZACION-SAS.html,ID DOMOTICA INGENIERIA Y AUTOMATIZACION S A S,DOMOTICA,(4)5869075
Actividades de consultaria de gestion,MEDELLIN,ANTIOQUIA,CALLE 51 83 96 INT 394,https://empresite.eleconomistaamerica.co/ENTORNO-SOLUCIONES-AMBIENTALES-SAS.html,ENTORNO SOLUCIONES AMBIENTALES S A S,ASESORIA-EN-SOLUCIONES-AMBIENTALES,(4)2344942
Actividades de consultaria de gestion,MEDELLIN,ANTIOQUIA,CALLE 40 A 83 A 32 AP 602,https://empresite.eleconomistaamerica.co/ASESORIAS-SOLUCIONES-AMBIENTALES-INGENIERIA-LTDA.html,ASESORIAS Y SOLUCIONES AMBIENTALES Y DE INGENIERIA LTDA,ASESORIA-EN-SOLUCIONES-AMBIENTALES,(4)2500003
Tratamiento y disposicion de desechos no peligrosos,MEDELLIN,ANTIOQUIA,CALLE 48 80 32 OF 301,https://empresite.eleconomistaamerica.co/SOLUCIONES-ENERGETICAS-AMBIENTALES-SAS.html,SOLUCIONES ENERGETICAS AMBIENTALES S A S,ASESORIA-EN-SOLUCIONES-AMBIENTALES,(4)2347900
Actividades de consultaria de gestion,MEDELLIN,ANTIOQUIA,CARRERA 56 9 70,https://empresite.eleconomistaamerica.co/SOLUCIONES-ENERGETICAS-TECNOLOGICAS-INNOVADORAS-AMBIENTALES-SAS.html,SOLUCIONES ENERGETICAS TECNOLOGICAS INNOVADORAS AMBIENTALES S A S,ASESORIA-EN-SOLUCIONES-AMBIENTALES,(4)2516259
Investigaciones y desarrollo experimental en el campo de las ciencias naturales y la ingenieria,MEDELLIN,ANTIOQUIA,CALLE 39 64 60 OF 801,https://empresite.eleconomistaamerica.co/SOLUCIONES-AMBIENTALES-ENERGETICAS-SAS.html,SOLUCIONES AMBIENTALES Y ENERGETICAS S A S,ASESORIA-EN-SOLUCIONES-AMBIENTALES,(4)2359257
Actividades de consultaria de gestion,MEDELLIN,ANTIOQUIA,CALLE 51 83 96 INT 394,https://empresite.eleconomistaamerica.co/ENTORNO-SOLUCIONES-AMBIENTALES-SAS.html,ENTORNO SOLUCIONES AMBIENTALES S A S,CONSULTORIA-EN-SOLUCIONES-AMBIENTALES,(4)2344942
Tratamiento y disposicion de desechos no peligrosos,MEDELLIN,ANTIOQUIA,CALLE 48 80 32 OF 301,https://empresite.eleconomistaamerica.co/SOLUCIONES-ENERGETICAS-AMBIENTALES-SAS.html,SOLUCIONES ENERGETICAS AMBIENTALES S A S,CONSULTORIA-EN-SOLUCIONES-AMBIENTALES,(4)2347900
Actividades de consultaria de gestion,MEDELLIN,ANTIOQUIA,CARRERA 56 9 70,https://empresite.eleconomistaamerica.co/SOLUCIONES-ENERGETICAS-TECNOLOGICAS-INNOVADORAS-AMBIENTALES-SAS.html,SOLUCIONES ENERGETICAS TECNOLOGICAS INNOVADORAS AMBIENTALES S A S,CONSULTORIA-EN-SOLUCIONES-AMBIENTALES,(4)2516259
Investigaciones y desarrollo experimental en el campo de las ciencias naturales y la ingenieria,MEDELLIN,ANTIOQUIA,CALLE 39 64 60 OF 801,https://empresite.eleconomistaamerica.co/SOLUCIONES-AMBIENTALES-ENERGETICAS-SAS.html,SOLUCIONES AMBIENTALES Y ENERGETICAS S A S,CONSULTORIA-EN-SOLUCIONES-AMBIENTALES,(4)2359257
Actividades de arquitectura e ingenieria y otras actividades conexas de consultoria tecnica,MEDELLIN,ANTIOQUIA,CALLE 45 A 77 A 10,https://empresite.eleconomistaamerica.co/BIOPLAN-SERVICIOS-CONSULTORIA-SOLUCIONES-AMBIENTALES-SA.html,BIOPLAN SERVICIOS DE CONSULTORIA Y SOLUCIONES AMBIENTALES S A,CONSULTORIA-EN-SOLUCIONES-AMBIENTALES,(4)5074274
Actividades de consultaria de gestion,MEDELLIN,ANTIOQUIA,CALLE 40 A 83 A 32 AP 602,https://empresite.eleconomistaamerica.co/ASESORIAS-SOLUCIONES-AMBIENTALES-INGENIERIA-LTDA.html,ASESORIAS Y SOLUCIONES AMBIENTALES Y DE INGENIERIA LTDA,ASESORIA-SOLUCIONES-AMBIENTALES,(4)2500003
Actividades de arquitectura e ingenieria y otras actividades conexas de consultoria tecnica,MEDELLIN,ANTIOQUIA,CALLE 29 69 B 29,https://empresite.eleconomistaamerica.co/ASESORIAS-AMBIENTALES-LTDA.html,ASESORIAS AMBIENTALES LTDA,ASESORIA-SOLUCIONES-AMBIENTALES,(4)2567484
Actividades de saneamiento ambiental y otros servicios de gestion de desechos,APARTADO,ANTIOQUIA,CALLE 106 A 107 43/45,https://empresite.eleconomistaamerica.co/SOLUCIONES-AMBIENTALES-C.html,SOLUCIONES AMBIENTALES DE C,ASESORIA-SOLUCIONES-AMBIENTALES,3207090259
Actividades de arquitectura e ingenieria y otras actividades conexas de consultoria tecnica,MEDELLIN,ANTIOQUIA,CALLE 44 75 48 APTO 401,https://empresite.eleconomistaamerica.co/ASESORIAS-CONSULTORIAS-INTERVENTORIAS-AMBIENTALES-EU.html,ASESORIAS CONSULTORIAS E INTERVENTORIAS AMBIENTALES E U EN LIQUIDACION,ASESORIA-SOLUCIONES-AMBIENTALES,(4)4110300
Actividades de arquitectura e ingenieria y otras actividades conexas de consultoria tecnica,ENVIGADO,ANTIOQUIA,CALLE 27D SUR 27 C 51 AP 1914,https://empresite.eleconomistaamerica.co/ASESORIAS-INVERSIONES-AMBIENTALES-COLOMBIA-SAS.html,ASESORIAS E INVERSIONES AMBIENTALES DE COLOMBIA SAS,ASESORIA-SOLUCIONES-AMBIENTALES,3122547224
Actividades juridicas,RIONEGRO,ANTIOQUIA,CARRERA 65 A 41 B 67,https://empresite.eleconomistaamerica.co/ASESORIAS-AMBIENTALES-JURIDICAS-MARTINEZ-ASOCIADOS-SAS.html,ASESORIAS AMBIENTALES Y JURIDICAS MARTINEZ Y ASOCIADOS S A S,ASESORIA-SOLUCIONES-AMBIENTALES,3103717628
Actividades de consultaria de gestion,RIONEGRO,ANTIOQUIA,CARRERA 53 58 C 59 SAN JUAN DE LAURELES,https://empresite.eleconomistaamerica.co/ASESORIAS-INTEGRALES-AMBIENTALES-SAGIR-SAS.html,ASESORIAS INTEGRALES AMBIENTALES SAGIR S A S,ASESORIA-SOLUCIONES-AMBIENTALES,(4)5622515
Comercio al por mayor de productos quimicos basicos cauchos y plasticos en formas primarias y productos quimicos de uso agropecuario,ENVIGADO,ANTIOQUIA,CARRERA 36 38 A SUR 27,https://empresite.eleconomistaamerica.co/ASESORIAS-QUIMICO-AMBIENTALES-SAS.html,ASESORIAS QUIMICO AMBIENTALES S A S,ASESORIA-SOLUCIONES-AMBIENTALES,(4)4481175
Confección de prendas de vestir,MEDELLIN,ANTIOQUIA,CA 43 A 34 155 OF 813 C,https://empresite.eleconomistaamerica.co/ASESORIAS-JURIDICAS-MINERAS-AMBIENTALES-SAS.html,ASESORIAS JURIDICAS MINERAS Y AMBIENTALES S A S,ASESORIA-SOLUCIONES-AMBIENTALES,(4)3817341
Actividades de arquitectura e ingenieria y otras actividades conexas de consultoria tecnica,MEDELLIN,ANTIOQUIA,,https://empresite.eleconomistaamerica.co/ASESORIAS-AMBIENTALES-CIA-LTDA.html,ASESORIAS AMBIENTALES Y CIA LTDA,ASESORIA-SOLUCIONES-AMBIENTALES,
Generacion de energia electrica,MEDELLIN,ANTIOQUIA,CALLE 54 63 AA 41,https://empresite.eleconomistaamerica.co/ASESORIAS-AMBIENTALES-MINERAS-LTDA.html,CLEAN ENERGIES OF COLOMBIA S.A.S.,ASESORIA-SOLUCIONES-AMBIENTALES,(4)2605703
Tratamiento y disposicion de desechos no peligrosos,MEDELLIN,ANTIOQUIA,CALLE 48 80 32 OF 301,https://empresite.eleconomistaamerica.co/SOLUCIONES-ENERGETICAS-AMBIENTALES-SAS.html,SOLUCIONES ENERGETICAS AMBIENTALES S A S,ASESORIA-SOLUCIONES-AMBIENTALES,(4)2347900
Recuperacion de materiales,MEDELLIN,ANTIOQUIA,CALLE 75 64 A 56,https://empresite.eleconomistaamerica.co/SOLUCIONES-ECO-AMBIENTALES-SAS.html,SOLUCIONES ECO AMBIENTALES S A S,ASESORIA-SOLUCIONES-AMBIENTALES,(4)2573648
Evacuacion y tratamiento de aguas residuales,SABANETA,ANTIOQUIA,CARRERA 44 64 SUR 152,https://empresite.eleconomistaamerica.co/SOLUCIONES-AMBIENTALES-INTEGRADAS-SAS.html,SOLUCIONES AMBIENTALES INTEGRADAS S A S,ASESORIA-SOLUCIONES-AMBIENTALES,3216449250
Transporte de carga por carretera,MEDELLIN,ANTIOQUIA,CARRERA 78 B 3 19,https://empresite.eleconomistaamerica.co/SOLUCIONES-AMBIENTALES-NIRILO-SAS.html,SOLUCIONES AMBIENTALES NIRILO S A S,ASESORIA-SOLUCIONES-AMBIENTALES,(4)2563129
Construccion de otras obras de ingenieria civil,BELLO,ANTIOQUIA,CARRERA 53 27 23 APTO 201,https://empresite.eleconomistaamerica.co/SOLUCIONES-AMBIENTALES-ARMAVA-SAS.html,SOLUCIONES AMBIENTALES ARMAVA S A S,ASESORIA-SOLUCIONES-AMBIENTALES,(4)2776053
Actividades de consultaria de gestion,MEDELLIN,ANTIOQUIA,CARRERA 56 9 70,https://empresite.eleconomistaamerica.co/SOLUCIONES-ENERGETICAS-TECNOLOGICAS-INNOVADORAS-AMBIENTALES-SAS.html,SOLUCIONES ENERGETICAS TECNOLOGICAS INNOVADORAS AMBIENTALES S A S,ASESORIA-SOLUCIONES-AMBIENTALES,(4)2516259
Investigaciones y desarrollo experimental en el campo de las ciencias naturales y la ingenieria,MEDELLIN,ANTIOQUIA,CALLE 39 64 60 OF 801,https://empresite.eleconomistaamerica.co/SOLUCIONES-AMBIENTALES-ENERGETICAS-SAS.html,SOLUCIONES AMBIENTALES Y ENERGETICAS S A S,ASESORIA-SOLUCIONES-AMBIENTALES,(4)2359257
Actividades de saneamiento ambiental y otros servicios de gestion de desechos,RIONEGRO,ANTIOQUIA,CALLE 51 50 54,https://empresite.eleconomistaamerica.co/SOLUCIONES-AMBIENTALES-TECNOLOGIA-SAS.html,SOLUCIONES AMBIENTALES Y TECNOLOGIA S A S,ASESORIA-SOLUCIONES-AMBIENTALES,(4)5316729
Actividades de apoyo a la agricultura,ENVIGADO,ANTIOQUIA,CARRERA 40 A 47 SUR 20,https://empresite.eleconomistaamerica.co/SOLUCIONES-AGROPECUARIAS-CIVILES-AMBIENTALES-SAS.html,SOLUCIONES AGROPECUARIAS CIVILES Y AMBIENTALES S A S,ASESORIA-SOLUCIONES-AMBIENTALES,3213188138
Transporte de carga por carretera,ENVIGADO,ANTIOQUIA,CALLE 36 A SUR 45 B 58,https://empresite.eleconomistaamerica.co/SOLUCIONES-MINERO-AMBIENTALES-TRANSPORTES-SAS.html,SOLUCIONES MINERO AMBIENTALES Y DE TRANSPORTES S A S,ASESORIA-SOLUCIONES-AMBIENTALES,(4)3336936
Actividades de contabilidad teneduria de libros auditoria financiera y asesoria tributaria,YARUMAL,ANTIOQUIA,CARRERA 81 A 36 40,https://empresite.eleconomistaamerica.co/ASESORIAS-SOLUCIONES-EXITOSAS-SAS.html,ASESORIAS Y SOLUCIONES EXITOSAS S A S,ASESORIA-SOLUCIONES-AMBIENTALES,(4)5897643
Otras actividades profesionales cientificas y tecnicas n c p,ENVIGADO,ANTIOQUIA,CARRERA 41 40 H SUR 50 INT 301,https://empresite.eleconomistaamerica.co/ASESORIAS-SOLUCIONES-EMPRESARIALES-GRYAL-SAS.html,ASESORIAS Y SOLUCIONES EMPRESARIALES GRYAL S A S,ASESORIA-SOLUCIONES-AMBIENTALES,(4)3312485
Comercio al por menor de otros articulos domesticos en establecimientos especializados,MEDELLIN,ANTIOQUIA,CL 32 EE 76 115,https://empresite.eleconomistaamerica.co/ASESORIAS-SOLUCIONES-DIGITALES-LTDA.html,ASESORIAS Y SOLUCIONES DIGITALES LTDA,ASESORIA-SOLUCIONES-AMBIENTALES,(4)4488064
Elaboracion de otros productos alimenticios n c p,SABANETA,ANTIOQUIA,CARRERA 47 F 79 SUR 01,https://empresite.eleconomistaamerica.co/ASESORIA-INNOVACION-SOLUCIONES-COLOMBIA-AIS-SAS.html,ASESORIA INNOVACION Y SOLUCIONES DE COLOMBIA AIS S A S,ASESORIA-SOLUCIONES-AMBIENTALES,(4)2888786
Actividades de contabilidad teneduria de libros auditoria financiera y asesoria tributaria,MEDELLIN,ANTIOQUIA,CARRERA 43 B 1 A SUR 168,https://empresite.eleconomistaamerica.co/ASESORIA-SOLUCIONES-CONTABILIDAD-SAS.html,ASESORIA Y SOLUCIONES EN CONTABILIDAD S A S,ASESORIA-SOLUCIONES-AMBIENTALES,(4)4801050
Actividades de agentes y corredores de seguro,MEDELLIN,ANTIOQUIA,CALLE 1 SUR  75 DA 229,https://empresite.eleconomistaamerica.co/ASESORIAS-SOLUCIONES-SALUD-SEGURIDAD-SOCIAL-SAS.html,ASESORIAS Y SOLUCIONES EN SALUD Y SEGURIDAD SOCIAL S A S,ASESORIA-SOLUCIONES-AMBIENTALES,(4)2942853
Actividades de consultaria de gestion,MEDELLIN,ANTIOQUIA,CARRERA 63 B 32 E 67,https://empresite.eleconomistaamerica.co/ASESORIAS-SOLUCIONES-INTEGRALES-SALUD-AYSSA.html,ASESORIAS Y SOLUCIONES INTEGRALES EN SALUD A & S S A,ASESORIA-SOLUCIONES-AMBIENTALES,(4)2656802
Otras actividades profesionales cientificas y tecnicas n c p,MEDELLIN,ANTIOQUIA,CALLE 5 SUR  38 148,https://empresite.eleconomistaamerica.co/ASESORIAS-SOLUCIONES-INTEGRALES-AFL-SAS.html,ASESORIAS Y SOLUCIONES INTEGRALES AFL S A S,ASESORIA-SOLUCIONES-AMBIENTALES,3046815127
Actividades de arquitectura e ingenieria y otras actividades conexas de consultoria tecnica,MEDELLIN,ANTIOQUIA,CARRERA 32 6 SUR 295,https://empresite.eleconomistaamerica.co/PROMOTORA-ASESORIAS-AMBIENTALES-NACIONALES-INTERNACIONES-SAS.html,PROMOTORA DE ASESORIAS AMBIENTALES NACIONALES E INTERNACIONES S A S,ASESORIA-SOLUCIONES-AMBIENTALES,(4)5741104
Actividades de consultaria de gestion,MEDELLIN,ANTIOQUIA,CALLE 46 70 A 21,https://empresite.eleconomistaamerica.co/GRUPO-ASESORIAS-INVESTIGACIONES-AMBIENTALES.html,GRUPO DE ASESORIAS E INVESTIGACIONES AMBIENTALES,ASESORIA-SOLUCIONES-AMBIENTALES,(4)4446824
Actividades de consultaria de gestion,TURBO,ANTIOQUIA,CARRERA 17 104 A 15 PI 2,https://empresite.eleconomistaamerica.co/SERVICIOS-ASESORIAS-AMBIENTALES-ECO-MUNDO-SAS.html,SERVICIOS Y ASESORIAS AMBIENTALES ECO MUNDO S A S,ASESORIA-SOLUCIONES-AMBIENTALES,3004711125
Actividades juridicas,MEDELLIN,ANTIOQUIA,CARRERA 33 8 A 33 POBLADO,https://empresite.eleconomistaamerica.co/SERVICIOS-ASESORIAS-LEGALES-AMBIENTALES-SAS.html,SERVICIOS ASESORIAS LEGALES Y AMBIENTALES S A S,ASESORIA-SOLUCIONES-AMBIENTALES,(4)4486006
Comercio al por menor de articulos de ferreteria pinturas y productos de vidrio en establecimientos especializados,MEDELLIN,ANTIOQUIA,CARRERA 75 63 65 APTO607,https://empresite.eleconomistaamerica.co/CONSTRUCCIONES-CIVILES-ASESORIAS-AMBIENTALES-SAS.html,CONSTRUCCIONES CIVILES Y ASESORIAS AMBIENTALES S A S,ASESORIA-SOLUCIONES-AMBIENTALES,(4)2602922
Otras actividades profesionales cientificas y tecnicas n c p,YARUMAL,ANTIOQUIA,CARRERA 21 22 68,https://empresite.eleconomistaamerica.co/CONSTRUCCION-ASESORIAS-PROYECTOS-AMBIENTALES-SAS.html,CONSTRUCCION ASESORIAS Y PROYECTOS AMBIENTALES S A S,ASESORIA-SOLUCIONES-AMBIENTALES,3128715556
Actividades de consultaria de gestion,MEDELLIN,ANTIOQUIA,CALLE 47 A 82 15,https://empresite.eleconomistaamerica.co/SAPAM-SERVICIOS-ASESORIAS-PROYECTOS-AMBIENTALES-EAT.html,SAPAM SERVICIOS ASESORIAS Y PROYECTOS AMBIENTALES E A T,ASESORIA-SOLUCIONES-AMBIENTALES,(4)5835310
Investigaciones y desarrollo experimental en el campo de las ciencias naturales y la ingenieria,COPACABANA,ANTIOQUIA,CALLE 51 57 29,https://empresite.eleconomistaamerica.co/SOLUCIONES-ASESORIAS-ACUICOLAS-SAS.html,SOLUCIONES Y ASESORIAS ACUICOLAS S A S,ASESORIA-SOLUCIONES-AMBIENTALES,(4)2742859
Actividades de consultaria de gestion,BELLO,ANTIOQUIA,AVENIDA 33 56 42 APTO 414,https://empresite.eleconomistaamerica.co/SOLUCIONES-ASESORIAS-GLOM-SAS.html,SOLUCIONES Y ASESORIAS GLOM S A S,ASESORIA-SOLUCIONES-AMBIENTALES,(4)4171944
Catering para eventos,BELLO,ANTIOQUIA,CALLE 31 58 04 P1,https://empresite.eleconomistaamerica.co/SOLUCIONES-ASESORIAS-GASTRONOMICAS-SAS.html,SOLUCIONES Y ASESORIAS GASTRONOMICAS S A S,ASESORIA-SOLUCIONES-AMBIENTALES,(4)4523547
Silvicultura y otras actividades forestales,BELLO,ANTIOQUIA,AVENIDA 38 B 44 20,https://empresite.eleconomistaamerica.co/SOLUCIONES-ASESORIAS-INTEGRALES-SAS.html,SOLUCIONES Y ASESORIAS INTEGRALES S A S,ASESORIA-SOLUCIONES-AMBIENTALES,(4)6004247
Recuperacion de materiales,MEDELLIN,ANTIOQUIA,CARRERA 51 C 81 62,https://empresite.eleconomistaamerica.co/PROYECTOS-SOLUCIONES-AMBIENTALES-SAS.html,PROYECTOS Y SOLUCIONES AMBIENTALES S A S,ASESORIA-SOLUCIONES-AMBIENTALES,(4)2511577
Actividades de arquitectura e ingenieria y otras actividades conexas de consultoria tecnica,RIONEGRO,ANTIOQUIA,CARRERA 54 CL 44 63,https://empresite.eleconomistaamerica.co/SOLAMB-SOLUCIONES-AMBIENTALES-SAS.html,SOLAMB SOLUCIONES AMBIENTALES S A S,ASESORIA-SOLUCIONES-AMBIENTALES,(4)5322178
Evacuacion y tratamiento de aguas residuales,MEDELLIN,ANTIOQUIA,CARRERA 69 CIRCULAR 1 48,https://empresite.eleconomistaamerica.co/GREEN-SOLUCIONES-AMBIENTALES-SAS.html,GREEN SOLUCIONES AMBIENTALES S A S,ASESORIA-SOLUCIONES-AMBIENTALES,(4)4441397
Evacuacion y tratamiento de aguas residuales,MEDELLIN,ANTIOQUIA,CARRERA 88 B 76 AC 27,https://empresite.eleconomistaamerica.co/SERVICIOS-SOLUCIONES-AMBIENTALES-SAS.html,SERVICIOS Y SOLUCIONES AMBIENTALES S A S,ASESORIA-SOLUCIONES-AMBIENTALES,(4)4914096
Actividades de arquitectura e ingenieria y otras actividades conexas de consultoria tecnica,MEDELLIN,ANTIOQUIA,CALLE 45 A 77 A 10,https://empresite.eleconomistaamerica.co/BIOPLAN-SERVICIOS-CONSULTORIA-SOLUCIONES-AMBIENTALES-SA.html,BIOPLAN SERVICIOS DE CONSULTORIA Y SOLUCIONES AMBIENTALES S A,ASESORIA-SOLUCIONES-AMBIENTALES,(4)5074274
Actividades de consultaria de gestion,MEDELLIN,ANTIOQUIA,CALLE 51 83 96 INT 394,https://empresite.eleconomistaamerica.co/ENTORNO-SOLUCIONES-AMBIENTALES-SAS.html,ENTORNO SOLUCIONES AMBIENTALES S A S,ASESORIA-SOLUCIONES-AMBIENTALES,(4)2344942
Transporte de carga por carretera,MEDELLIN,ANTIOQUIA,CARRERA 75 9 A 02,https://empresite.eleconomistaamerica.co/LAURIS-TRANSPORTES-SOLUCIONES-AMBIENTALES-SAS.html,LAURIS TRANSPORTES SOLUCIONES AMBIENTALES S A S,ASESORIA-SOLUCIONES-AMBIENTALES,(4)3472933
Tratamiento y disposicion de desechos no peligrosos,MEDELLIN,ANTIOQUIA,CALLE 55 47 21 INT 102,https://empresite.eleconomistaamerica.co/EKO2O-SOLUCIONES-AMBIENTALES-SAS.html,EKO2O SOLUCIONES AMBIENTALES S A S,ASESORIA-SOLUCIONES-AMBIENTALES,(4)5117072
Actividades de arquitectura e ingenieria y otras actividades conexas de consultoria tecnica,ITAGUI,ANTIOQUIA,CARRERA 52 D 75AA SUR 250,https://empresite.eleconomistaamerica.co/INGENIO-SOLUCIONES-AMBIENTALES-SAS.html,INGENIO Y SOLUCIONES AMBIENTALES SAS,ASESORIA-SOLUCIONES-AMBIENTALES,(4)5785798
Actividades de arquitectura e ingenieria y otras actividades conexas de consultoria tecnica,MEDELLIN,ANTIOQUIA,CARRERA 65 D 35 37 PISO 1,https://empresite.eleconomistaamerica.co/ASINTOTA-SOLUCIONES-AMBIENTALES-PARA-DESARROLLO-LTDA.html,ASINTOTA SOLUCIONES AMBIENTALES PARA EL DESARROLLO LTDA,ASESORIA-SOLUCIONES-AMBIENTALES,(4)3511181
Actividades de arquitectura e ingenieria y otras actividades conexas de consultoria tecnica,MEDELLIN,ANTIOQUIA,CALLE 53 A 80 A 37,https://empresite.eleconomistaamerica.co/INGENIERIA-MONITOREOS-SERVICIOS-SOLUCIONES-AMBIENTALES-LTDA.html,INGENIERIA EN MONITOREOS SERVICIOS Y SOLUCIONES AMBIENTALES LTDA,ASESORIA-SOLUCIONES-AMBIENTALES,(4)5827194
Fabricacion de vidrio y productos de vidrio,SABANETA,ANTIOQUIA,CARRERA 43 A 65 SUR 146,https://empresite.eleconomistaamerica.co/GUAYACAN-SOLUCIONES-AMBIENTALES-SAS.html,GUAYACAN SOLUCIONES AMBIENTALES S A S,ASESORIA-SOLUCIONES-AMBIENTALES,(4)4440818
Servicios de apoyo a la silvicultura,MEDELLIN,ANTIOQUIA,CALLE 53 79 66,https://empresite.eleconomistaamerica.co/DESARROLLOS-AMBIENTALES-SOLUCIONES-SOSTENIBLES-DASSO-SAS.html,DESARROLLOS AMBIENTALES Y SOLUCIONES SOSTENIBLES DASSO S A S,ASESORIA-SOLUCIONES-AMBIENTALES,(4)4444942
Construccion de otras obras de ingenieria civil,MEDELLIN,ANTIOQUIA,CARRERA 46 41 16,https://empresite.eleconomistaamerica.co/EMINCIVIL-SOLUCIONES-AMBIENTALES-SAS.html,EMINCIVIL Y SOLUCIONES AMBIENTALES S A S,ASESORIA-SOLUCIONES-AMBIENTALES,3012094507
Actividades de paisajismo y servicios de mantenimiento conexos,MEDELLIN,ANTIOQUIA,CARRERA 1 B 48 216,https://empresite.eleconomistaamerica.co/ACP-ASEOS-INTEGRALES-SOLUCIONES-AMBIENTALES-SAS.html,ACP ASEOS INTEGRALES SOLUCIONES AMBIENTALES S A S,ASESORIA-SOLUCIONES-AMBIENTALES,(4)2696277
Comercio al por mayor de materiales de construccion articulos de ferreteria pinturas productos de vidrio equipo y materiales de fontaneria y calefaccion,MEDELLIN,ANTIOQUIA,CALLE 9 SUR 79 C 115 AP 141,https://empresite.eleconomistaamerica.co/AZA-SOLUCIONES-AMBIENTALES-INGENIERIA-SAS.html,AZA SOLUCIONES AMBIENTALES Y DE INGENIERIA S A S,ASESORIA-SOLUCIONES-AMBIENTALES,(4)3063640
Terminacion y acabado de edificios y obras de ingenieria civil,MEDELLIN,ANTIOQUIA,CARRERA 67 108 21,https://empresite.eleconomistaamerica.co/EYM-SOLUCIONES-AMBIENTALES-SAS.html,E Y M SOLUCIONES AMBIENTALES S A S,ASESORIA-SOLUCIONES-AMBIENTALES,(4)2735446
Actividades de saneamiento ambiental y otros servicios de gestion de desechos,MEDELLIN,ANTIOQUIA,CARRERA 48 85 60 APT 201,https://empresite.eleconomistaamerica.co/INGENIERIA-SOLUCIONES-AMBIENTALES-SEGURIDAD-SALUD-TRABAJO-SAS.html,INGENIERIA Y SOLUCIONES AMBIENTALES SEGURIDAD Y SALUD EN EL TRABAJO S A S,ASESORIA-SOLUCIONES-AMBIENTALES,(4)2127464
Evacuacion y tratamiento de aguas residuales,RIONEGRO,ANTIOQUIA,LUGAR 300 M VIA CRUCE EL TABLAZO ZONA FRANCA EDIFICIO ZONA E PISO 2 V,https://empresite.eleconomistaamerica.co/ECO-LOGIC-SOLUCIONES-AMBIENTALES-SAS.html,ECO LOGIC SOLUCIONES AMBIENTALES S A S,ASESORIA-SOLUCIONES-AMBIENTALES,3148924984
Limpieza general interior de edificios,YARUMAL,ANTIOQUIA,CALLE 20 21 64,https://empresite.eleconomistaamerica.co/SANEAMOS-SOLUCIONES-INTEGRALES-SANITARIAS-AMBIENTALES-SAS.html,SANEAMOS SOLUCIONES INTEGRALES SANITARIAS Y AMBIENTALES S A S,ASESORIA-SOLUCIONES-AMBIENTALES,3113779922
Actividades de saneamiento ambiental y otros servicios de gestion de desechos,APARTADO,ANTIOQUIA,CALLE 108 A 112 79 AP 324 TO 6 MZ B ET 1 CONJUNTO PARQUE,https://empresite.eleconomistaamerica.co/SOLAMBIENTE-SOLUCIONES-SANEAMIENTO-BASICO-AMBIENTALES-SAS.html,SOLAMBIENTE SOLUCIONES EN SANEAMIENTO BASICO Y AMBIENTALES S A S,ASESORIA-SOLUCIONES-AMBIENTALES,3135743420
Publicidad,MEDELLIN,ANTIOQUIA,CALLE 50 55 58 OF 301,https://empresite.eleconomistaamerica.co/AVE-SOLUCIONES-ASESORIA-VIRTUAL-EMPRESARIAL-SAS.html,AVE SOLUCIONES ASESORIA VIRTUAL EMPRESARIAL S A S,ASESORIA-SOLUCIONES-AMBIENTALES,(4)4445318
Actividades de administracion empresarial,MEDELLIN,ANTIOQUIA,CARRERA 53 91 44,https://empresite.eleconomistaamerica.co/ASCONDE-ASESORIAS-SOLUCIONES-INTEGRALES-SAS-ANTIOQUIA.html,ASCONDE ASESORIAS Y SOLUCIONES INTEGRALES S A S,ASESORIA-SOLUCIONES-AMBIENTALES,(4)3224319
Actividades de consultaria de gestion,ITAGUI,ANTIOQUIA,CARRERA 50 70 30,https://empresite.eleconomistaamerica.co/CONSULTORIA-SOLUCIONES-ASESORIAS-PRACTICAS-SAS.html,CONSULTORIA SOLUCIONES Y ASESORIAS PRACTICAS S A S,ASESORIA-SOLUCIONES-AMBIENTALES,3204731599
Construccion de edificios residenciales,MEDELLIN,ANTIOQUIA,CALLE 45 A 23 13,https://empresite.eleconomistaamerica.co/EMPRESA-CONSTRUCCION-SOLUCIONES-ASESORIAS-TECNO-CIVILES-SAS.html,EMPRESA DE CONSTRUCCION SOLUCIONES Y ASESORIAS TECNO CIVILES SAS,ASESORIA-SOLUCIONES-AMBIENTALES,3215628620
Actividades de consultaria de gestion,SAN JUAN DE URABA,ANTIOQUIA,CARRERA 19 23 21 BRR LA FLORESTA,https://empresite.eleconomistaamerica.co/RYC-DINAMIC-SOLUCIONES-ASESORIAS-EMPRESARIALES-SAS.html,RYC DINAMIC SOLUCIONES Y ASESORIAS EMPRESARIALES S A S,ASESORIA-SOLUCIONES-AMBIENTALES,(4)8212009
Actividades de consultaria de gestion,BELLO,ANTIOQUIA,CALLE 113 B 65 104,https://empresite.eleconomistaamerica.co/GESTION-ASESORIA-SOLUCIONES-EMPRESARIALES-SAS.html,GESTION Y ASESORIA SOLUCIONES EMPRESARIALES S A S,ASESORIA-SOLUCIONES-AMBIENTALES,(4)3222177
Actividades de agentes y corredores de seguro,MEDELLIN,ANTIOQUIA,CARRERA 38 40 46 AP 201,https://empresite.eleconomistaamerica.co/GOLD-ASESORIAS-SOLUCIONES-SAS.html,GOLD ASESORIAS Y SOLUCIONES S A S,ASESORIA-SOLUCIONES-AMBIENTALES,(4)2692181
Actividades juridicas,MEDELLIN,ANTIOQUIA,CARRERA 51 50 39,https://empresite.eleconomistaamerica.co/AREIZA-ABOGADOS-ASESORIAS-SOLUCIONES-JURIDICAS-SAS.html,AREIZA Y ABOGADOS ASESORIAS Y SOLUCIONES JURIDICAS S A S,ASESORIA-SOLUCIONES-AMBIENTALES,(4)2511176
Otros tipos de comercio al por menor no realizado en establecimientos puestos de venta o mercados,MEDELLIN,ANTIOQUIA,CALLE 108 66 44,https://empresite.eleconomistaamerica.co/ASOIN-ASESORIAS-SOLUCIONES-INDUSTRIALES-SAS.html,ASOIN ASESORIAS Y SOLUCIONES INDUSTRIALES S A S,ASESORIA-SOLUCIONES-AMBIENTALES,3134577219
Terminacion y acabado de edificios y obras de ingenieria civil,BELLO,ANTIOQUIA,AVENIDA 26 52 200 KM UNO C,https://empresite.eleconomistaamerica.co/GROUP-SOLUCIONES-ASESORIAS-INTEGRALES-SAS.html,GROUP SOLUCIONES Y ASESORIAS INTEGRALES S A S,ASESORIA-SOLUCIONES-AMBIENTALES,3006112300
Actividades juridicas,MEDELLIN,ANTIOQUIA,CALLE 42 C 86 32 INT 302,https://empresite.eleconomistaamerica.co/INSTANCIA-LEGAL-ASESORIAS-SOLUCIONES-JURIDICAS-SAS.html,INSTANCIA LEGAL ASESORIAS Y SOLUCIONES Y JURIDICAS S A S,ASESORIA-SOLUCIONES-AMBIENTALES,3128380069
Actividades de consultoria informatica y actividades de administracion de instalaciones informaticas,MEDELLIN,ANTIOQUIA,CARRERA 44 84 47 INT 204,https://empresite.eleconomistaamerica.co/INGENIERIA-ASESORIA-SOLUCIONES-SISTEMAS-LTDA.html,INGENIERIA ASESORIA Y SOLUCIONES EN SISTEMAS LTDA,ASESORIA-SOLUCIONES-AMBIENTALES,(4)2333376
Actividades de contabilidad teneduria de libros auditoria financiera y asesoria tributaria,ITAGUI,ANTIOQUIA,CALLE 29 54 B 33,https://empresite.eleconomistaamerica.co/G2-ASESORIAS-SOLUCIONES-LTDA.html,G2 ASESORIAS Y SOLUCIONES LTDA,ASESORIA-SOLUCIONES-AMBIENTALES,(4)3714256
Actividades de arquitectura e ingenieria y otras actividades conexas de consultoria tecnica,MEDELLIN,ANTIOQUIA,CARRERA 75 48 A 27,https://empresite.eleconomistaamerica.co/INGENIEROS-DISENADORES-ASOCIADOS-SA.html,HATCH INDISA S A S,CONSULTORIA-SOLUCIONES-AMBIENTALES,(4)4446166
Actividades de consultoria informatica y actividades de administracion de instalaciones informaticas,MEDELLIN,ANTIOQUIA,CARRERA 73 30 C 96,https://empresite.eleconomistaamerica.co/COMPANIA-TECNOLOGIAS-INFORMACION-COMUNICACION-SAS.html,COMPANIA DE TECNOLOGIAS DE LA INFORMACION Y LA COMUNICACION S A S,CONSULTORIA-SOLUCIONES-AMBIENTALES,(4)4485929
Actividades de consultoria informatica y actividades de administracion de instalaciones informaticas,MEDELLIN,ANTIOQUIA,CARRERA 43 A 7 50,https://empresite.eleconomistaamerica.co/COMERCIALIZADORA-SOLUCIONES-INFORMATICAS-CSI-SA.html,COMERCIALIZADORA DE SOLUCIONES INFORMATICAS CSI SA,CONSULTORIA-SOLUCIONES-AMBIENTALES,(4)4443555
Actividades de arquitectura e ingenieria y otras actividades conexas de consultoria tecnica,MEDELLIN,ANTIOQUIA,CALLE 45 A 77 A 10,https://empresite.eleconomistaamerica.co/BIOPLAN-SERVICIOS-CONSULTORIA-SOLUCIONES-AMBIENTALES-SA.html,BIOPLAN SERVICIOS DE CONSULTORIA Y SOLUCIONES AMBIENTALES S A,CONSULTORIA-SOLUCIONES-AMBIENTALES,(4)5074274
Actividades de arquitectura e ingenieria y otras actividades conexas de consultoria tecnica,MEDELLIN,ANTIOQUIA,CALLE 38 3 80 72,https://empresite.eleconomistaamerica.co/CONSULTORIAS-TECNICAS-AMBIENTALES-EU.html,CONSULTORIAS TECNICAS AMBIENTALES E U EN LIQUIDACION,CONSULTORIA-SOLUCIONES-AMBIENTALES,
Actividades de saneamiento ambiental y otros servicios de gestion de desechos,APARTADO,ANTIOQUIA,CALLE 106 A 107 43/45,https://empresite.eleconomistaamerica.co/SOLUCIONES-AMBIENTALES-C.html,SOLUCIONES AMBIENTALES DE C,CONSULTORIA-SOLUCIONES-AMBIENTALES,3207090259
Tratamiento y disposicion de desechos no peligrosos,MEDELLIN,ANTIOQUIA,CALLE 48 80 32 OF 301,https://empresite.eleconomistaamerica.co/SOLUCIONES-ENERGETICAS-AMBIENTALES-SAS.html,SOLUCIONES ENERGETICAS AMBIENTALES S A S,CONSULTORIA-SOLUCIONES-AMBIENTALES,(4)2347900
Recuperacion de materiales,MEDELLIN,ANTIOQUIA,CALLE 75 64 A 56,https://empresite.eleconomistaamerica.co/SOLUCIONES-ECO-AMBIENTALES-SAS.html,SOLUCIONES ECO AMBIENTALES S A S,CONSULTORIA-SOLUCIONES-AMBIENTALES,(4)2573648
Evacuacion y tratamiento de aguas residuales,SABANETA,ANTIOQUIA,CARRERA 44 64 SUR 152,https://empresite.eleconomistaamerica.co/SOLUCIONES-AMBIENTALES-INTEGRADAS-SAS.html,SOLUCIONES AMBIENTALES INTEGRADAS S A S,CONSULTORIA-SOLUCIONES-AMBIENTALES,3216449250
Transporte de carga por carretera,MEDELLIN,ANTIOQUIA,CARRERA 78 B 3 19,https://empresite.eleconomistaamerica.co/SOLUCIONES-AMBIENTALES-NIRILO-SAS.html,SOLUCIONES AMBIENTALES NIRILO S A S,CONSULTORIA-SOLUCIONES-AMBIENTALES,(4)2563129
Construccion de otras obras de ingenieria civil,BELLO,ANTIOQUIA,CARRERA 53 27 23 APTO 201,https://empresite.eleconomistaamerica.co/SOLUCIONES-AMBIENTALES-ARMAVA-SAS.html,SOLUCIONES AMBIENTALES ARMAVA S A S,CONSULTORIA-SOLUCIONES-AMBIENTALES,(4)2776053
Actividades de consultaria de gestion,MEDELLIN,ANTIOQUIA,CARRERA 56 9 70,https://empresite.eleconomistaamerica.co/SOLUCIONES-ENERGETICAS-TECNOLOGICAS-INNOVADORAS-AMBIENTALES-SAS.html,SOLUCIONES ENERGETICAS TECNOLOGICAS INNOVADORAS AMBIENTALES S A S,CONSULTORIA-SOLUCIONES-AMBIENTALES,(4)2516259
Investigaciones y desarrollo experimental en el campo de las ciencias naturales y la ingenieria,MEDELLIN,ANTIOQUIA,CALLE 39 64 60 OF 801,https://empresite.eleconomistaamerica.co/SOLUCIONES-AMBIENTALES-ENERGETICAS-SAS.html,SOLUCIONES AMBIENTALES Y ENERGETICAS S A S,CONSULTORIA-SOLUCIONES-AMBIENTALES,(4)2359257
Actividades de saneamiento ambiental y otros servicios de gestion de desechos,RIONEGRO,ANTIOQUIA,CALLE 51 50 54,https://empresite.eleconomistaamerica.co/SOLUCIONES-AMBIENTALES-TECNOLOGIA-SAS.html,SOLUCIONES AMBIENTALES Y TECNOLOGIA S A S,CONSULTORIA-SOLUCIONES-AMBIENTALES,(4)5316729
Actividades de apoyo a la agricultura,ENVIGADO,ANTIOQUIA,CARRERA 40 A 47 SUR 20,https://empresite.eleconomistaamerica.co/SOLUCIONES-AGROPECUARIAS-CIVILES-AMBIENTALES-SAS.html,SOLUCIONES AGROPECUARIAS CIVILES Y AMBIENTALES S A S,CONSULTORIA-SOLUCIONES-AMBIENTALES,3213188138
Transporte de carga por carretera,ENVIGADO,ANTIOQUIA,CALLE 36 A SUR 45 B 58,https://empresite.eleconomistaamerica.co/SOLUCIONES-MINERO-AMBIENTALES-TRANSPORTES-SAS.html,SOLUCIONES MINERO AMBIENTALES Y DE TRANSPORTES S A S,CONSULTORIA-SOLUCIONES-AMBIENTALES,(4)3336936
Construccion de otras obras de ingenieria civil,MEDELLIN,ANTIOQUIA,CARRERA 83 32 B 181 AP 302,https://empresite.eleconomistaamerica.co/CONSULTORIA-SIERRA-OTERO-SOLUCIONES-SAS.html,CONSULTORIA SIERRA OTERO SOLUCIONES S A,CONSULTORIA-SOLUCIONES-AMBIENTALES,(4)2781790
Actividades de consultaria de gestion,ITAGUI,ANTIOQUIA,CARRERA 50 70 30,https://empresite.eleconomistaamerica.co/CONSULTORIA-SOLUCIONES-ASESORIAS-PRACTICAS-SAS.html,CONSULTORIA SOLUCIONES Y ASESORIAS PRACTICAS S A S,CONSULTORIA-SOLUCIONES-AMBIENTALES,3204731599
Otras actividades de tecnologias de informacion y actividades de servicios informaticos,MEDELLIN,ANTIOQUIA,CALLE 32 C 28 C 63,https://empresite.eleconomistaamerica.co/CONSULTORIAS-SOLUCIONES-TIC-SAS.html,CONSULTORIAS Y SOLUCIONES TIC S A S,CONSULTORIA-SOLUCIONES-AMBIENTALES,(4)4181575
Actividades de arquitectura e ingenieria y otras actividades conexas de consultoria tecnica,MEDELLIN,ANTIOQUIA,CALLE 44 75 48 APTO 401,https://empresite.eleconomistaamerica.co/ASESORIAS-CONSULTORIAS-INTERVENTORIAS-AMBIENTALES-EU.html,ASESORIAS CONSULTORIAS E INTERVENTORIAS AMBIENTALES E U EN LIQUIDACION,CONSULTORIA-SOLUCIONES-AMBIENTALES,(4)4110300
Ensayos y analisis tecnicos,MEDELLIN,ANTIOQUIA,VEREDA SAN JOSE MZ 000 LT 0361 MJ 51,https://empresite.eleconomistaamerica.co/SISTEMAS-CONSULTORIA-RIESGOS-AMBIENTALES-FINANCIEROS-SAS.html,SISTEMAS DE CONSULTORIA EN RIESGOS AMBIENTALES Y FINANCIEROS S A S,CONSULTORIA-SOLUCIONES-AMBIENTALES,(4)3434895
Investigaciones y desarrollo experimental en el campo de las ciencias naturales y la ingenieria,RIONEGRO,ANTIOQUIA,CALLE 40 B 68 20 BRR EL PORVENIR,https://empresite.eleconomistaamerica.co/ECONATURA-CONSULTORIA-SERVICIOS-AMBIENTALES-SAS.html,ECONATURA CONSULTORIA Y SERVICIOS AMBIENTALES S A S,CONSULTORIA-SOLUCIONES-AMBIENTALES,(4)6146786
Otras actividades profesionales cientificas y tecnicas n c p,MEDELLIN,ANTIOQUIA,CALLE 51 64 C 29,https://empresite.eleconomistaamerica.co/TERREO-CONSULTORIA-SERVICIOS-AMBIENTALES-SAS.html,TERREO CONSULTORIA EN SERVICIOS AMBIENTALES S A S,CONSULTORIA-SOLUCIONES-AMBIENTALES,(4)4796475
Actividades de consultaria de gestion,MEDELLIN,ANTIOQUIA,CARRERA 93 A 47 B 58 INT 201,https://empresite.eleconomistaamerica.co/SOLUCIONES-JURIDICAS-EDUCATIVAS-TRANSITO-TRANSPORTE-CONSULTORIA-EMPRESARIAL-SAS.html,SOLUCIONES JURIDICAS Y EDUCATIVAS EN TRANSITO Y TRANSPORTE Y EN CONSULTORIA EMPRESARIAL S A,CONSULTORIA-SOLUCIONES-AMBIENTALES,(4)4516799
Otras actividades de servicios personales n c p,MEDELLIN,ANTIOQUIA,CALLE 4 28 61 AP 1501,https://empresite.eleconomistaamerica.co/SOLUCIONES-ESTRATEGICAS-CONSULTORIA-MEDIO-AMBIENTE-SAS.html,SOLUCIONES ESTRATEGICAS EN CONSULTORIA Y MEDIO AMBIENTE S A S,CONSULTORIA-SOLUCIONES-AMBIENTALES,(4)5874837
Actividades de contabilidad teneduria de libros auditoria financiera y asesoria tributaria,MEDELLIN,ANTIOQUIA,CARRERA 43 A 1 SUR 31 OF 203,https://empresite.eleconomistaamerica.co/SOLUCIONES-CONSULTORIAS-CONTABLES-ADMINISTRATIVAS-TRIBUTARIAS-LTDA.html,SOLUCIONES Y CONSULTORIAS CONTABLES ADMINISTRATIVAS Y TRIBUTARIAS LTDA,CONSULTORIA-SOLUCIONES-AMBIENTALES,(4)2662484
Recuperacion de materiales,MEDELLIN,ANTIOQUIA,CARRERA 51 C 81 62,https://empresite.eleconomistaamerica.co/PROYECTOS-SOLUCIONES-AMBIENTALES-SAS.html,PROYECTOS Y SOLUCIONES AMBIENTALES S A S,CONSULTORIA-SOLUCIONES-AMBIENTALES,(4)2511577
Actividades de arquitectura e ingenieria y otras actividades conexas de consultoria tecnica,RIONEGRO,ANTIOQUIA,CARRERA 54 CL 44 63,https://empresite.eleconomistaamerica.co/SOLAMB-SOLUCIONES-AMBIENTALES-SAS.html,SOLAMB SOLUCIONES AMBIENTALES S A S,CONSULTORIA-SOLUCIONES-AMBIENTALES,(4)5322178
Evacuacion y tratamiento de aguas residuales,MEDELLIN,ANTIOQUIA,CARRERA 69 CIRCULAR 1 48,https://empresite.eleconomistaamerica.co/GREEN-SOLUCIONES-AMBIENTALES-SAS.html,GREEN SOLUCIONES AMBIENTALES S A S,CONSULTORIA-SOLUCIONES-AMBIENTALES,(4)4441397
Evacuacion y tratamiento de aguas residuales,MEDELLIN,ANTIOQUIA,CARRERA 88 B 76 AC 27,https://empresite.eleconomistaamerica.co/SERVICIOS-SOLUCIONES-AMBIENTALES-SAS.html,SERVICIOS Y SOLUCIONES AMBIENTALES S A S,CONSULTORIA-SOLUCIONES-AMBIENTALES,(4)4914096
Actividades de consultaria de gestion,MEDELLIN,ANTIOQUIA,CALLE 51 83 96 INT 394,https://empresite.eleconomistaamerica.co/ENTORNO-SOLUCIONES-AMBIENTALES-SAS.html,ENTORNO SOLUCIONES AMBIENTALES S A S,CONSULTORIA-SOLUCIONES-AMBIENTALES,(4)2344942
Transporte de carga por carretera,MEDELLIN,ANTIOQUIA,CARRERA 75 9 A 02,https://empresite.eleconomistaamerica.co/LAURIS-TRANSPORTES-SOLUCIONES-AMBIENTALES-SAS.html,LAURIS TRANSPORTES SOLUCIONES AMBIENTALES S A S,CONSULTORIA-SOLUCIONES-AMBIENTALES,(4)3472933
Tratamiento y disposicion de desechos no peligrosos,MEDELLIN,ANTIOQUIA,CALLE 55 47 21 INT 102,https://empresite.eleconomistaamerica.co/EKO2O-SOLUCIONES-AMBIENTALES-SAS.html,EKO2O SOLUCIONES AMBIENTALES S A S,CONSULTORIA-SOLUCIONES-AMBIENTALES,(4)5117072
Actividades de arquitectura e ingenieria y otras actividades conexas de consultoria tecnica,ITAGUI,ANTIOQUIA,CARRERA 52 D 75AA SUR 250,https://empresite.eleconomistaamerica.co/INGENIO-SOLUCIONES-AMBIENTALES-SAS.html,INGENIO Y SOLUCIONES AMBIENTALES SAS,CONSULTORIA-SOLUCIONES-AMBIENTALES,(4)5785798
Actividades de consultaria de gestion,MEDELLIN,ANTIOQUIA,CALLE 40 A 83 A 32 AP 602,https://empresite.eleconomistaamerica.co/ASESORIAS-SOLUCIONES-AMBIENTALES-INGENIERIA-LTDA.html,ASESORIAS Y SOLUCIONES AMBIENTALES Y DE INGENIERIA LTDA,CONSULTORIA-SOLUCIONES-AMBIENTALES,(4)2500003
Actividades de arquitectura e ingenieria y otras actividades conexas de consultoria tecnica,MEDELLIN,ANTIOQUIA,CARRERA 65 D 35 37 PISO 1,https://empresite.eleconomistaamerica.co/ASINTOTA-SOLUCIONES-AMBIENTALES-PARA-DESARROLLO-LTDA.html,ASINTOTA SOLUCIONES AMBIENTALES PARA EL DESARROLLO LTDA,CONSULTORIA-SOLUCIONES-AMBIENTALES,(4)3511181
Actividades de arquitectura e ingenieria y otras actividades conexas de consultoria tecnica,MEDELLIN,ANTIOQUIA,CALLE 53 A 80 A 37,https://empresite.eleconomistaamerica.co/INGENIERIA-MONITOREOS-SERVICIOS-SOLUCIONES-AMBIENTALES-LTDA.html,INGENIERIA EN MONITOREOS SERVICIOS Y SOLUCIONES AMBIENTALES LTDA,CONSULTORIA-SOLUCIONES-AMBIENTALES,(4)5827194
Fabricacion de vidrio y productos de vidrio,SABANETA,ANTIOQUIA,CARRERA 43 A 65 SUR 146,https://empresite.eleconomistaamerica.co/GUAYACAN-SOLUCIONES-AMBIENTALES-SAS.html,GUAYACAN SOLUCIONES AMBIENTALES S A S,CONSULTORIA-SOLUCIONES-AMBIENTALES,(4)4440818
Servicios de apoyo a la silvicultura,MEDELLIN,ANTIOQUIA,CALLE 53 79 66,https://empresite.eleconomistaamerica.co/DESARROLLOS-AMBIENTALES-SOLUCIONES-SOSTENIBLES-DASSO-SAS.html,DESARROLLOS AMBIENTALES Y SOLUCIONES SOSTENIBLES DASSO S A S,CONSULTORIA-SOLUCIONES-AMBIENTALES,(4)4444942
Construccion de otras obras de ingenieria civil,MEDELLIN,ANTIOQUIA,CARRERA 46 41 16,https://empresite.eleconomistaamerica.co/EMINCIVIL-SOLUCIONES-AMBIENTALES-SAS.html,EMINCIVIL Y SOLUCIONES AMBIENTALES S A S,CONSULTORIA-SOLUCIONES-AMBIENTALES,3012094507
Actividades de paisajismo y servicios de mantenimiento conexos,MEDELLIN,ANTIOQUIA,CARRERA 1 B 48 216,https://empresite.eleconomistaamerica.co/ACP-ASEOS-INTEGRALES-SOLUCIONES-AMBIENTALES-SAS.html,ACP ASEOS INTEGRALES SOLUCIONES AMBIENTALES S A S,CONSULTORIA-SOLUCIONES-AMBIENTALES,(4)2696277
Comercio al por mayor de materiales de construccion articulos de ferreteria pinturas productos de vidrio equipo y materiales de fontaneria y calefaccion,MEDELLIN,ANTIOQUIA,CALLE 9 SUR 79 C 115 AP 141,https://empresite.eleconomistaamerica.co/AZA-SOLUCIONES-AMBIENTALES-INGENIERIA-SAS.html,AZA SOLUCIONES AMBIENTALES Y DE INGENIERIA S A S,CONSULTORIA-SOLUCIONES-AMBIENTALES,(4)3063640
Terminacion y acabado de edificios y obras de ingenieria civil,MEDELLIN,ANTIOQUIA,CARRERA 67 108 21,https://empresite.eleconomistaamerica.co/EYM-SOLUCIONES-AMBIENTALES-SAS.html,E Y M SOLUCIONES AMBIENTALES S A S,CONSULTORIA-SOLUCIONES-AMBIENTALES,(4)2735446
Actividades de saneamiento ambiental y otros servicios de gestion de desechos,MEDELLIN,ANTIOQUIA,CARRERA 48 85 60 APT 201,https://empresite.eleconomistaamerica.co/INGENIERIA-SOLUCIONES-AMBIENTALES-SEGURIDAD-SALUD-TRABAJO-SAS.html,INGENIERIA Y SOLUCIONES AMBIENTALES SEGURIDAD Y SALUD EN EL TRABAJO S A S,CONSULTORIA-SOLUCIONES-AMBIENTALES,(4)2127464
Evacuacion y tratamiento de aguas residuales,RIONEGRO,ANTIOQUIA,LUGAR 300 M VIA CRUCE EL TABLAZO ZONA FRANCA EDIFICIO ZONA E PISO 2 V,https://empresite.eleconomistaamerica.co/ECO-LOGIC-SOLUCIONES-AMBIENTALES-SAS.html,ECO LOGIC SOLUCIONES AMBIENTALES S A S,CONSULTORIA-SOLUCIONES-AMBIENTALES,3148924984
Limpieza general interior de edificios,YARUMAL,ANTIOQUIA,CALLE 20 21 64,https://empresite.eleconomistaamerica.co/SANEAMOS-SOLUCIONES-INTEGRALES-SANITARIAS-AMBIENTALES-SAS.html,SANEAMOS SOLUCIONES INTEGRALES SANITARIAS Y AMBIENTALES S A S,CONSULTORIA-SOLUCIONES-AMBIENTALES,3113779922
Actividades de saneamiento ambiental y otros servicios de gestion de desechos,APARTADO,ANTIOQUIA,CALLE 108 A 112 79 AP 324 TO 6 MZ B ET 1 CONJUNTO PARQUE,https://empresite.eleconomistaamerica.co/SOLAMBIENTE-SOLUCIONES-SANEAMIENTO-BASICO-AMBIENTALES-SAS.html,SOLAMBIENTE SOLUCIONES EN SANEAMIENTO BASICO Y AMBIENTALES S A S,CONSULTORIA-SOLUCIONES-AMBIENTALES,3135743420
Actividades juridicas,YARUMAL,ANTIOQUIA,CALLE 17 28 14,https://empresite.eleconomistaamerica.co/SJ-CONSULTORIAS-SOLUCIONES-SAS.html,SJ CONSULTORIAS Y SOLUCIONES S A S,CONSULTORIA-SOLUCIONES-AMBIENTALES,(4)8871215
Comercio al por mayor de materiales de construccion articulos de ferreteria pinturas productos de vidrio equipo y materiales de fontaneria y calefaccion,MEDELLIN,ANTIOQUIA,CALLE 19 A 43 B 41,https://empresite.eleconomistaamerica.co/DESTILADOS-SOLVENTES-SA.html,CACHARRERIA MUNDIAL S A S,APROVECHAMIENTO-DE-MATERIALES-DE-CONSTRUCCION,(4)2619100
Comercio al por menor de articulos de ferreteria pinturas y productos de vidrio en establecimientos especializados,MEDELLIN,ANTIOQUIA,,https://empresite.eleconomistaamerica.co/DEPOSITO-MATERIALES-PARA-CONSTRUCCION-MG-SAS.html,DEPOSITO DE MATERIALES PARA LA CONSTRUCCION MG S A S,APROVECHAMIENTO-DE-MATERIALES-DE-CONSTRUCCION,(4)2273499
Comercio al por menor de articulos de ferreteria pinturas y productos de vidrio en establecimientos especializados,AMAGA,ANTIOQUIA,CORREGIDURIA CAMILO C,https://empresite.eleconomistaamerica.co/DEPOSITO-MATERIALES-PARA-CONSTRUCCION-CAMILOCE-LTDA.html,DEPOSITO DE MATERIALES PARA LA CONSTRUCCION CAMILOCE LTDA,APROVECHAMIENTO-DE-MATERIALES-DE-CONSTRUCCION,(4)8472158
Comercio al por mayor de materiales de construccion articulos de ferreteria pinturas productos de vidrio equipo y materiales de fontaneria y calefaccion,MEDELLIN,ANTIOQUIA,CALLE 53 71 A 17,https://empresite.eleconomistaamerica.co/MATERIALES-DECO-SAS.html,MATERIALES DECO S A S,APROVECHAMIENTO-DE-MATERIALES-DE-CONSTRUCCION,3168785064
Comercio al por mayor de materiales de construccion articulos de ferreteria pinturas productos de vidrio equipo y materiales de fontaneria y calefaccion,MEDELLIN,ANTIOQUIA,CARRERA 35 16 A SUR 75,https://empresite.eleconomistaamerica.co/DEPOSITO-MATERIALES-ADA-LTDA.html,DEPOSITO DE MATERIALES ADA LTDA,APROVECHAMIENTO-DE-MATERIALES-DE-CONSTRUCCION,(4)3131267
Comercio al por menor de articulos de ferreteria pinturas y productos de vidrio en establecimientos especializados,SONSON,ANTIOQUIA,CALLE 6 CR 05 23 31,https://empresite.eleconomistaamerica.co/DEPOSITO-MATERIALES-HERNAN-LOAIZA-V-LTDA.html,DEPOSITO DE MATERIALES HERNAN LOAIZA V LTDA,APROVECHAMIENTO-DE-MATERIALES-DE-CONSTRUCCION,(4)8691758
Comercio al por mayor de materiales de construccion articulos de ferreteria pinturas productos de vidrio equipo y materiales de fontaneria y calefaccion,RETIRO,ANTIOQUIA,LUGAR VTE LAS PALMAS KM 19 VRD EL CORINTO,https://empresite.eleconomistaamerica.co/DEPOSITO-MATERIALES-FERRETERIA-AGROPECUARIA-TIENDA-MIXTA-ESCOBERO-LTDA.html,DEPOSITO DE MATERIALES FERRETERIA AGROPECUARIA Y TIENDA MIXTA EL ESCOBERO LTDA,APROVECHAMIENTO-DE-MATERIALES-DE-CONSTRUCCION,(4)3860051
Comercio al por mayor de materiales de construccion articulos de ferreteria pinturas productos de vidrio equipo y materiales de fontaneria y calefaccion,MEDELLIN,ANTIOQUIA,CALLE 10 42 45 OF 517,https://empresite.eleconomistaamerica.co/DEPOSITO-MATERIALES-MANUELITA-SAS.html,DEPOSITO DE MATERIALES LA MANUELITA S A S,APROVECHAMIENTO-DE-MATERIALES-DE-CONSTRUCCION,(4)2680979
Comercio al por mayor de materiales de construccion articulos de ferreteria pinturas productos de vidrio equipo y materiales de fontaneria y calefaccion,AMAGA,ANTIOQUIA,VEREDA EL MORRO TRONCAL DEL CAFE,https://empresite.eleconomistaamerica.co/DEPOSITO-MATERIALES-FERRETERIA-CAMILO-CSAS.html,DEPOSITO DE MATERIALES Y FERRETERIA CAMILO C S A S,APROVECHAMIENTO-DE-MATERIALES-DE-CONSTRUCCION,(4)8471443
Comercio al por mayor de materiales de construccion articulos de ferreteria pinturas productos de vidrio equipo y materiales de fontaneria y calefaccion,SANTUARIO,ANTIOQUIA,CALLE 45 CR 52 46,https://empresite.eleconomistaamerica.co/DEPOSITO-MATERIALES-GIRALDO-SAS.html,DEPOSITO DE MATERIALES LOS GIRALDO S A S,APROVECHAMIENTO-DE-MATERIALES-DE-CONSTRUCCION,(4)5460726
Comercio al por menor de articulos de ferreteria pinturas y productos de vidrio en establecimientos especializados,MEDELLIN,ANTIOQUIA,CARRERA 32 9 S 83 CASA 181,https://empresite.eleconomistaamerica.co/DEPOSITO-MATERIALES-FERRETERIA-PUERTO-ESCONDIDO-SAS.html,DEPOSITO DE MATERIALES Y FERRETERIA PUERTO ESCONDIDO S A S,APROVECHAMIENTO-DE-MATERIALES-DE-CONSTRUCCION,(4)5839321
Comercio al por mayor de desperdicios desechos y chatarra,MEDELLIN,ANTIOQUIA,CARRERA 56 A 50 A 25,https://empresite.eleconomistaamerica.co/DEPOSITO-MATERIALES-ELECTRICOS-NUEVOS-SEGUNDA-SAS.html,DEPOSITO DE MATERIALES ELECTRICOS NUEVOS Y DE SEGUNDA S A S,APROVECHAMIENTO-DE-MATERIALES-DE-CONSTRUCCION,(4)5143668
Comercio al por mayor de materiales de construccion articulos de ferreteria pinturas productos de vidrio equipo y materiales de fontaneria y calefaccion,EBEJICO,ANTIOQUIA,CALLE 17 20 29,https://empresite.eleconomistaamerica.co/DEPOSITO-MATERIALES-GONZALEZ-COMPANIA-LTDA.html,DEPOSITO DE MATERIALES LOS GONZALEZ Y COMPANIA LTDA,APROVECHAMIENTO-DE-MATERIALES-DE-CONSTRUCCION,(4)8562605
Comercio al por menor de articulos de ferreteria pinturas y productos de vidrio en establecimientos especializados,SOPETRAN,ANTIOQUIA,CARRERA 10 9 27,https://empresite.eleconomistaamerica.co/DEPOSITO-MATERIALES-FINQUERO-SAS.html,DEPOSITO DE MATERIALES EL FINQUERO S A S,APROVECHAMIENTO-DE-MATERIALES-DE-CONSTRUCCION,(4)8541521
Demolicion,LA ESTRELLA,ANTIOQUIA,CALLE 77 SUR 55 112,https://empresite.eleconomistaamerica.co/DEPOSITO-MATERIALES-SEGUNDA-FREDY-POSADA-SAS.html,DEPOSITO DE MATERIALES DE SEGUNDA FREDY POSADA S A S,APROVECHAMIENTO-DE-MATERIALES-DE-CONSTRUCCION,3136875963
Comercio al por mayor de materiales de construccion articulos de ferreteria pinturas productos de vidrio equipo y materiales de fontaneria y calefaccion,MEDELLIN,ANTIOQUIA,AVENIDA 33 81 59,https://empresite.eleconomistaamerica.co/DEPOSITO-MATERIALES-SANTA-GEMA-SAS.html,DEPOSITO DE MATERIALES SANTA GEMA S A S,APROVECHAMIENTO-DE-MATERIALES-DE-CONSTRUCCION,(4)2509467
Comercio al por menor de articulos de ferreteria pinturas y productos de vidrio en establecimientos especializados,BELLO,ANTIOQUIA,AVENIDA 47 B 65 47,https://empresite.eleconomistaamerica.co/DEPOSITO-MATERIALES-CONQUISTA-SAS.html,DEPOSITO DE MATERIALES LA CONQUISTA S A S,APROVECHAMIENTO-DE-MATERIALES-DE-CONSTRUCCION,(4)4813281
Comercio al por mayor de materiales de construccion articulos de ferreteria pinturas productos de vidrio equipo y materiales de fontaneria y calefaccion,LA CEJA,ANTIOQUIA,CARRERA 20 B 8 A 33 P2,https://empresite.eleconomistaamerica.co/DEPOSITO-MATERIALES-LOPEZ-SAS.html,DEPOSITO DE MATERIALES LOS LOPEZ S A S,APROVECHAMIENTO-DE-MATERIALES-DE-CONSTRUCCION,(4)5533312
Comercio al por menor de articulos de ferreteria pinturas y productos de vidrio en establecimientos especializados,MEDELLIN,ANTIOQUIA,CARRERA 48 39 34,https://empresite.eleconomistaamerica.co/DEPOSITO-MATERIALES-CAMPANA-SAS.html,DEPOSITO DE MATERIALES LA CAMPANA S A S,APROVECHAMIENTO-DE-MATERIALES-DE-CONSTRUCCION,(4)3817330
Comercio al por menor de articulos de ferreteria pinturas y productos de vidrio en establecimientos especializados,MEDELLIN,ANTIOQUIA,CARRERA 87 50 AA 110,https://empresite.eleconomistaamerica.co/DEPOSITO-MATERIALES-VEMACO-LTDA.html,DEPOSITO DE MATERIALES VEMACO LTDA,APROVECHAMIENTO-DE-MATERIALES-DE-CONSTRUCCION,(4)2580000
Comercio al por mayor de materiales de construccion articulos de ferreteria pinturas productos de vidrio equipo y materiales de fontaneria y calefaccion,SANTAFE DE ANTIOQUIA,ANTIOQUIA,VEREDA PASO REAL,https://empresite.eleconomistaamerica.co/DEPOSITO-MATERIALES-MADERAS-MI-SANTA-FE-SAS-ZOMAC.html,DEPOSITO DE MATERIALES Y MADERAS MI SANTA FE S A S ZOMAC,APROVECHAMIENTO-DE-MATERIALES-DE-CONSTRUCCION,(4)8535510
Demolicion,MEDELLIN,ANTIOQUIA,CARRERA 53 58 53,https://empresite.eleconomistaamerica.co/DEMOLICIONES-DEPOSITO-MATERIALES-GUTIERREZ-LTDA.html,DEMOLICIONES Y DEPOSITO DE MATERIALES GUTIERREZ LTDA,APROVECHAMIENTO-DE-MATERIALES-DE-CONSTRUCCION,(4)5121049
Comercio al por mayor de materiales de construccion articulos de ferreteria pinturas productos de vidrio equipo y materiales de fontaneria y calefaccion,SABANETA,ANTIOQUIA,CALLE 75 SUR 46 D 39,https://empresite.eleconomistaamerica.co/DEPOSITO-MATERIALES-FERRETERIA-CARRETILLERO-SAS.html,DEPOSITO DE MATERIALES Y FERRETERIA EL CARRETILLERO S A S,APROVECHAMIENTO-DE-MATERIALES-DE-CONSTRUCCION,(4)2888219
Comercio al por mayor de materiales de construccion articulos de ferreteria pinturas productos de vidrio equipo y materiales de fontaneria y calefaccion,BARBOSA,ANTIOQUIA,CARRERA 17 13 36,https://empresite.eleconomistaamerica.co/DEPOSITO-MATERIALES-GRAN-AVENIDA-SAS.html,DEPOSITO DE MATERIALES LA GRAN AVENIDA S A S,APROVECHAMIENTO-DE-MATERIALES-DE-CONSTRUCCION,(4)4061038
Comercio al por mayor de materiales de construccion articulos de ferreteria pinturas productos de vidrio equipo y materiales de fontaneria y calefaccion,BELLO,ANTIOQUIA,CALLE 25 C 75 17,https://empresite.eleconomistaamerica.co/DEPOSITO-MATERIALES-PUNTO-NORTE-SAS.html,DEPOSITO DE MATERIALES PUNTO DEL NORTE S A S,APROVECHAMIENTO-DE-MATERIALES-DE-CONSTRUCCION,(4)3225052
Comercio al por menor de articulos de ferreteria pinturas y productos de vidrio en establecimientos especializados,MEDELLIN,ANTIOQUIA,CARRERA SANTA ELENA,https://empresite.eleconomistaamerica.co/DEPOSITO-MATERIALES-SANTA-ELENA-LTDA.html,DEPOSITO DE MATERIALES SANTA ELENA LTDA,APROVECHAMIENTO-DE-MATERIALES-DE-CONSTRUCCION,(4)5380419
Comercio al por menor de articulos de ferreteria pinturas y productos de vidrio en establecimientos especializados,GIRARDOTA,ANTIOQUIA,CALLE 6 17 51,https://empresite.eleconomistaamerica.co/DEPOSITO-MATERIALES-SEXTA-GIRARDOTA-SAS.html,DEPOSITO DE MATERIALES LA SEXTA DE GIRARDOTA S A S,APROVECHAMIENTO-DE-MATERIALES-DE-CONSTRUCCION,(4)2894084
Otras actividades de servicios personales n c p,GUARNE,ANTIOQUIA,CARRERA 50 51 190,https://empresite.eleconomistaamerica.co/INSTITUTO-MUNICIPAL-PARA-DESARROLLO-PRACTICA-DEPORTE-RECREACION-APROVECHAMIENTO-TIEMPO-LIBRE.html,INSTITUTO MUNICIPAL PARA EL DESARROLLO Y LA PRACTICA DEL DEPORTE LA RECREACION Y EL APROVECHAMIENTO DEL TIEMPO LIBRE,APROVECHAMIENTO-DE-MATERIALES-DE-CONSTRUCCION,(4)5511157
Comercio al por menor de articulos de ferreteria pinturas y productos de vidrio en establecimientos especializados,MEDELLIN,ANTIOQUIA,CARRERA 52 55 31,https://empresite.eleconomistaamerica.co/MATERIALES-DEPOSITO-METROPON-EU.html,METROPON S A S,APROVECHAMIENTO-DE-MATERIALES-DE-CONSTRUCCION,(4)5131511
Actividades de arquitectura e ingenieria y otras actividades conexas de consultoria tecnica,MEDELLIN,ANTIOQUIA,CA 83 B 33 72,https://empresite.eleconomistaamerica.co/DERECHO-CONSTRUCCION-SA.html,DERECHO DE LA CONSTRUCCION S A,APROVECHAMIENTO-DE-MATERIALES-DE-CONSTRUCCION,(4)4442050
Construccion de otras obras de ingenieria civil,MEDELLIN,ANTIOQUIA,,https://empresite.eleconomistaamerica.co/DEVICON-CONSTRUCCIONES-SAS.html,DEVICON CONSTRUCCIONES S A S,APROVECHAMIENTO-DE-MATERIALES-DE-CONSTRUCCION,(4)4924028
Otras actividades de servicios personales n c p,YARUMAL,ANTIOQUIA,CALLE 12 24 25 COLISEO,https://empresite.eleconomistaamerica.co/INSTITUTO-DEPORTE-RECREACION-APROVECHAMIENTO-TIEMPO-LIBRE-INDERYAL.html,INSTITUTO DEL DEPORTE LA RECREACION Y EL APROVECHAMIENTO DEL TIEMPO LIBRE INDERYAL,APROVECHAMIENTO-DE-MATERIALES-DE-CONSTRUCCION,(4)8537875
Otras actividades de servicios personales n c p,GIRARDOTA,ANTIOQUIA,CALLE 12 A 15 05,https://empresite.eleconomistaamerica.co/INSTITUTO-DEPORTES-RECREACION-APROVECHAMIENTO-TIEMPO-LIBRE-GIRARDOTA.html,INSTITUTO DE DEPORTES RECREACION Y APROVECHAMIENTO DEL TIEMPO LIBRE DE GIRARDOTA,APROVECHAMIENTO-DE-MATERIALES-DE-CONSTRUCCION,(4)2896555
Otras actividades de servicios personales n c p,ENVIGADO,ANTIOQUIA,CARRERA 48 46 SUR 150,https://empresite.eleconomistaamerica.co/INSTITUTO-DEPORTES-RECREACION-APROVECHAMIENTO-TIEMPO-LIBRE.html,INSTITUTO DE DEPORTES RECREACION Y EL APROVECHAMIENTO DEL TIEMPO LIBRE,APROVECHAMIENTO-DE-MATERIALES-DE-CONSTRUCCION,(4)4482098
Otras actividades de servicios personales n c p,YOLOMBO,ANTIOQUIA,CALLE 92 50D 5,https://empresite.eleconomistaamerica.co/INSTITUTO-MUNICIPAL-DEPORTE-RECREACION-APROVECHAMIENTO-TIEMPO-LIBRE-EDUCACION-FISICA.html,INSTITUTO MUNICIPAL DEL DEPORTE Y LA RECREACION APROVECHAMIENTO DEL TIEMPO LIBRE Y LA EDUCACION FISICA,APROVECHAMIENTO-DE-MATERIALES-DE-CONSTRUCCION,(4)8654778
Otras actividades de servicios personales n c p,EBEJICO,ANTIOQUIA,LUGAR COLISEO CUBIERTO,https://empresite.eleconomistaamerica.co/INSTITUTO-DEPORTE-RECREACION-APROVECHAMIENTO-TIEMPO-LIBRE-EBEJICO.html,INSTITUTO DEL DEPORTE LA RECREACION Y EL APROVECHAMIENTO DEL TIEMPO LIBRE EBEJICO,APROVECHAMIENTO-DE-MATERIALES-DE-CONSTRUCCION,
Gestion de instalaciones deportivas,SANTO DOMINGO,ANTIOQUIA,LUGAR COLISEO CALLE SAN MIGUE,https://empresite.eleconomistaamerica.co/INSTITUTO-DEPORTE-RECREACION-APROVECHAMIENTO-TIEMPO-LIBRE-JUNDEPORTES.html,INSTITUTO DEL DEPORTE LA RECREACION Y EL APROVECHAMIENTO DEL TIEMPO LIBRE,APROVECHAMIENTO-DE-MATERIALES-DE-CONSTRUCCION,(4)4664340
Otras actividades de servicios personales n c p,DABEIBA,ANTIOQUIA,LUGAR COLISEO MUNICIPAL,https://empresite.eleconomistaamerica.co/INSTITUTO-DEPORTES-RECREACION-APROVECHAMIENTO-TIEMPO-LIBRE-DABEIBA.html,INSTITUTO DE DEPORTES RECREACION Y APROVECHAMIENTO DEL TIEMPO LIBRE DABEIBA,APROVECHAMIENTO-DE-MATERIALES-DE-CONSTRUCCION,
Comercio al por menor de articulos de ferreteria pinturas y productos de vidrio en establecimientos especializados,ITAGUI,ANTIOQUIA,CARRERA 53 52 43,https://empresite.eleconomistaamerica.co/DEPOSITO-CONSTRUCCIONES-REFORMAS-CONSTRUCCION-RESTREPO-EU.html,DEPOSITO CONSTRUCCIONES REFORMAS EN CONSTRUCCION RESTREPO E U,APROVECHAMIENTO-DE-MATERIALES-DE-CONSTRUCCION,(4)3742512
Comercio al por mayor de materiales de construccion articulos de ferreteria pinturas productos de vidrio equipo y materiales de fontaneria y calefaccion,RIONEGRO,ANTIOQUIA,CARRERA 47 56 66,https://empresite.eleconomistaamerica.co/DEPOSITO-FERRETERIA-MEGA-CONSTRUCCION-LTDA.html,DEPOSITO Y FERRETERIA MEGA CONSTRUCCION LTDA,APROVECHAMIENTO-DE-MATERIALES-DE-CONSTRUCCION,(4)5631332
Demolicion,MEDELLIN,ANTIOQUIA,CARRERA 58 DD 83 EE 75 INT 15,https://empresite.eleconomistaamerica.co/DEMOLICIONES-REMODELACIONES-AFINES-CONSTRUCCION-SAS.html,DEMOLICIONES REMODELACIONES Y AFINES A LA CONSTRUCCION S A S,APROVECHAMIENTO-DE-MATERIALES-DE-CONSTRUCCION,(4)2699793
Construccion de edificios residenciales,MEDELLIN,ANTIOQUIA,CARRERA 76 INT 808,https://empresite.eleconomistaamerica.co/DESARROLLAR-CONSTRUCCIONES-SAS.html,DESARROLLAR CONSTRUCCIONES S A S,APROVECHAMIENTO-DE-MATERIALES-DE-CONSTRUCCION,(4)5854452
Construccion de carreteras y vias de ferrocarril,BARRANQUILLA,ANTIOQUIA,CALLE 67 41 105,https://empresite.eleconomistaamerica.co/DEVAS-CONSTRUCCIONES-CONSULTORIAS-SAS.html,DEVAS CONSTRUCCIONES Y CONSULTORIAS S A S,APROVECHAMIENTO-DE-MATERIALES-DE-CONSTRUCCION,3162593630
Construccion de edificios residenciales,,ANTIOQUIA,,https://empresite.eleconomistaamerica.co/DESARROLLOS-MODERNOS-CONSTRUCCION-SAS.html,DESARROLLOS MODERNOS DE CONSTRUCCION S A S,APROVECHAMIENTO-DE-MATERIALES-DE-CONSTRUCCION,
Construccion de edificios residenciales,MEDELLIN,ANTIOQUIA,CALLE 52 49 27,https://empresite.eleconomistaamerica.co/DESARROLLO-CONSTRUCCIONES-COLOMBIA-SAS.html,DESARROLLO DE CONSTRUCCIONES COLOMBIA S A S,APROVECHAMIENTO-DE-MATERIALES-DE-CONSTRUCCION,(4)2313446
Actividades especializadas de diseño,MEDELLIN,ANTIOQUIA,VIA CIRCULAR 4 66 B 09,https://empresite.eleconomistaamerica.co/DECORACION-INTERIORES-CONSTRUCCION-DIC-ARQUITECTURA-INMOBILIARIA-LTDA.html,DECORACION DE INTERIORES CONSTRUCCION DIC ARQUITECTURA INMOBILIARIA LTDA,APROVECHAMIENTO-DE-MATERIALES-DE-CONSTRUCCION,(4)4302804
Investigaciones y desarrollo experimental en el campo de las ciencias naturales y la ingenieria,BELLO,ANTIOQUIA,AVENIDA 40 51 110 INT 917,https://empresite.eleconomistaamerica.co/INSTITUTO-INVESTIGACION-DESARROLLO-ENERGIA-MATERIALES-ECOEFICIENTES-SA.html,INSTITUTO DE INVESTIGACION Y DESARROLLO EN ENERGIA Y MATERIALES ECOEFICIENTES S A,APROVECHAMIENTO-DE-MATERIALES-DE-CONSTRUCCION,(4)4822827
Comercio al por menor de articulos de ferreteria pinturas y productos de vidrio en establecimientos especializados,SAN ROQUE,ANTIOQUIA,CALLE 21 18 14,https://empresite.eleconomistaamerica.co/FERRETERIA-DEPOSITO-MATERIALES-CONSTRUCTOR-SAS.html,FERRETERIA Y DEPOSITO DE MATERIALES EL CONSTRUCTOR S A S,APROVECHAMIENTO-DE-MATERIALES-DE-CONSTRUCCION,3117205252
Actividades de impresion,MEDELLIN,ANTIOQUIA,CALLE 42 A 68 33,https://empresite.eleconomistaamerica.co/TRANSFORMACION-DECORADO-MATERIALES-SAS.html,TRANSFORMACION Y DECORADO DE MATERIALES S A S,APROVECHAMIENTO-DE-MATERIALES-DE-CONSTRUCCION,(4)3511428
Comercio al por menor de articulos de ferreteria pinturas y productos de vidrio en establecimientos especializados,MEDELLIN,ANTIOQUIA,CARRERA 55 51 19,https://empresite.eleconomistaamerica.co/ELECTRICAS-MATERIALES-DELTA-LTDA.html,ELECTRICAS Y MATERIALES DELTA S A S,APROVECHAMIENTO-DE-MATERIALES-DE-CONSTRUCCION,(4)4481725
Comercio al por menor de articulos de ferreteria pinturas y productos de vidrio en establecimientos especializados,SONSON,ANTIOQUIA,CARRERA 7 12 47,https://empresite.eleconomistaamerica.co/FERRETERIA-DEPOSITO-MATERIALES-PROGRESO-SAS.html,FERRETERIA Y DEPOSITO DE MATERIALES EL PROGRESO SAS,APROVECHAMIENTO-DE-MATERIALES-DE-CONSTRUCCION,(4)8332142
Otras actividades especializadas para la construccion de edificios y obras de ingenieria civil,MEDELLIN,ANTIOQUIA,CALLE 34 85 C 20,https://empresite.eleconomistaamerica.co/CONSTRUCCIONES-DEMOLICIONES-ESPECIALIZADAS-SAS.html,CONSTRUCCIONES Y DEMOLICIONES ESPECIALIZADAS S A S,APROVECHAMIENTO-DE-MATERIALES-DE-CONSTRUCCION,(4)4920117
Construccion de otras obras de ingenieria civil,MEDELLIN,ANTIOQUIA,CALLE 42 C 63 C 145,https://empresite.eleconomistaamerica.co/CONSTRUCCIONES-DEMOLICIONES-SAS.html,CONSTRUCCIONES Y DEMOLICIONES S A S,APROVECHAMIENTO-DE-MATERIALES-DE-CONSTRUCCION,(4)5075418
Construccion de edificios residenciales,MEDELLIN,ANTIOQUIA,CALLE 79 50 C 40,https://empresite.eleconomistaamerica.co/CONSTRUCCIONES-DESARROLLOS-INGENIERIA-SAS.html,CONSTRUCCIONES Y DESARROLLOS DE INGENIERIA S A S,APROVECHAMIENTO-DE-MATERIALES-DE-CONSTRUCCION,(4)3415920
Construccion de edificios residenciales,MEDELLIN,ANTIOQUIA,CALLE 1 79 AA 38,https://empresite.eleconomistaamerica.co/CONSTRUCCIONES-GIL-DELGADO-SAS.html,CONSTRUCCIONES GIL Y DELGADO SAS,APROVECHAMIENTO-DE-MATERIALES-DE-CONSTRUCCION,(4)5799589
Construccion de otras obras de ingenieria civil,MEDELLIN,ANTIOQUIA,CARRERA 29 59 63,https://empresite.eleconomistaamerica.co/CONSTRUCCIONES-DEMOLICIONES-MP-LTDA.html,CONSTRUCCIONES Y DEMOLICIONES MP LTDA,APROVECHAMIENTO-DE-MATERIALES-DE-CONSTRUCCION,(4)2544672
Demolicion,APARTADO,ANTIOQUIA,CARRERA 99 96 37 OF 207 APARTACENTRO,https://empresite.eleconomistaamerica.co/CONSTRUCCIONES-DEMOLICIONES-CONDEHABITAR-SAS.html,CONSTRUCCIONES Y DEMOLICIONES CONDEHABITAR S A S,APROVECHAMIENTO-DE-MATERIALES-DE-CONSTRUCCION,(4)8281475
Construccion de edificios residenciales,MEDELLIN,ANTIOQUIA,CALLE 4 A 12 ES 85 CORREG,https://empresite.eleconomistaamerica.co/CONSTRUCCIONES-DESARROLLOS-COLOMBO-ESPANOL-SAS.html,CONSTRUCCIONES Y DESARROLLOS COLOMBO ESPANOL S A S,APROVECHAMIENTO-DE-MATERIALES-DE-CONSTRUCCION,3215772050
Terminacion y acabado de edificios y obras de ingenieria civil,MEDELLIN,ANTIOQUIA,CALLE 62 C 135 41,https://empresite.eleconomistaamerica.co/CONSTRUCCIONES-ACABADOS-JOSE-DENILSON-SAS.html,CONSTRUCCIONES Y ACABADOS JOSE DENILSON S A S,APROVECHAMIENTO-DE-MATERIALES-DE-CONSTRUCCION,3046759247
Preparacion del terreno,MEDELLIN,ANTIOQUIA,CALLE 104 B 50 B 38,https://empresite.eleconomistaamerica.co/CONSTRUCCIONES-DEMOLICIONES-LONDONO-SAS.html,CONSTRUCCIONES Y DEMOLICIONES LONDONO S A S,APROVECHAMIENTO-DE-MATERIALES-DE-CONSTRUCCION,3128915761
Construccion de otras obras de ingenieria civil,MEDELLIN,ANTIOQUIA,CARRERA 29 47 30 OF 101 ED,https://empresite.eleconomistaamerica.co/CONSTRUCCIONES-DESARROLLOS-MANTENIMIENTOS-MORALES-MEJIA-SAS.html,CONSTRUCCIONES DESARROLLOS Y MANTENIMIENTOS MORALES MEJIA S A S,APROVECHAMIENTO-DE-MATERIALES-DE-CONSTRUCCION,3193466602
Actividades de otras asociaciones n c p,PUERTO BERRIO,ANTIOQUIA,CALLE 49 6 34,https://empresite.eleconomistaamerica.co/FUNDACION-PARA-CONSTRUCCION-PAZ-DEMOCRACIA-DESARROLLO-SOSTENIBLE-FUNDEPAZ.html,FUNDACION PARA LA CONSTRUCCION DE LA PAZ Y LA DEMOCRACIA Y UN DESARROLLO SOSTENIBLE FUNDEPAZ,APROVECHAMIENTO-DE-MATERIALES-DE-CONSTRUCCION,(4)8335712
Actividades de arquitectura e ingenieria y otras actividades conexas de consultoria tecnica,MEDELLIN,ANTIOQUIA,CALLE 50 A 86 445,https://empresite.eleconomistaamerica.co/INVESTIGACION-DESARROLLO-CONSTRUCCION-MANTENIMIENTO-SAS.html,INVESTIGACION Y DESARROLLO EN LA CONSTRUCCION Y MANTENIMIENTO S A S,APROVECHAMIENTO-DE-MATERIALES-DE-CONSTRUCCION,(4)2344002
Fabricacion de fibras sinteticas y artificiales,MEDELLIN,ANTIOQUIA,CALLE 31 70 48,https://empresite.eleconomistaamerica.co/ECO-DESARROLLOS-PARA-CONSTRUCCION-SAS.html,ECO DESARROLLOS PARA LA CONSTRUCCION S A S,APROVECHAMIENTO-DE-MATERIALES-DE-CONSTRUCCION,(4)5810808
,MEDELLIN,ANTIOQUIA,CARRERA 84 44 BB 05,https://empresite.eleconomistaamerica.co/APLICACION-MANTENIMIENTO-DETALLES-CONSTRUCCION-SAS.html,APLICACION MANTENIMIENTO DETALLES CONSTRUCCION S A S,APROVECHAMIENTO-DE-MATERIALES-DE-CONSTRUCCION,
Otras actividades especializadas para la construccion de edificios y obras de ingenieria civil,MEDELLIN,ANTIOQUIA,CARRERA 65 A 24 23,https://empresite.eleconomistaamerica.co/ACABADOS-CONSTRUCCION-DECORHABITAT-SAS.html,ACABADOS Y CONSTRUCCION DECORHABITAT S A S,APROVECHAMIENTO-DE-MATERIALES-DE-CONSTRUCCION,(4)5819922
Construccion de otras obras de ingenieria civil,LA CEJA,ANTIOQUIA,CALLE 22 16 50,https://empresite.eleconomistaamerica.co/BYC-CONSTRUCCIONES-DECORACIONES-SAS.html,B Y C CONSTRUCCIONES Y DECORACIONES S A S,APROVECHAMIENTO-DE-MATERIALES-DE-CONSTRUCCION,3023971512
Actividades de apoyo a la agricultura,APARTADO,ANTIOQUIA,CALLE 100 106 50,https://empresite.eleconomistaamerica.co/SERVICIOS-GENERALES-CONSTRUCCIONES-DEFORESTACIONES-ELIFER-SAS.html,SERVICIOS GENERALES Y CONSTRUCCIONES DEFORESTACIONES ELIFER S A S,APROVECHAMIENTO-DE-MATERIALES-DE-CONSTRUCCION,3008099210
Fabricacion de productos metalicos para uso estructural,MEDELLIN,ANTIOQUIA,CARRERA 59 A 14 77,https://empresite.eleconomistaamerica.co/SERVICIOS-DECORACION-CONSTRUCCION-LTDA.html,SERVICIOS A LA DECORACION Y CONSTRUCCION LTDA,APROVECHAMIENTO-DE-MATERIALES-DE-CONSTRUCCION,(4)2857005
Comercio al por mayor de materiales de construccion articulos de ferreteria pinturas productos de vidrio equipo y materiales de fontaneria y calefaccion,MEDELLIN,ANTIOQUIA,CALLE 19 A 43 B 41,https://empresite.eleconomistaamerica.co/DESTILADOS-SOLVENTES-SA.html,CACHARRERIA MUNDIAL S A S,APROVECHAMIENTO-MATERIALES-DE-CONSTRUCCION,(4)2619100
Comercio al por menor de articulos de ferreteria pinturas y productos de vidrio en establecimientos especializados,MEDELLIN,ANTIOQUIA,,https://empresite.eleconomistaamerica.co/DEPOSITO-MATERIALES-PARA-CONSTRUCCION-MG-SAS.html,DEPOSITO DE MATERIALES PARA LA CONSTRUCCION MG S A S,APROVECHAMIENTO-MATERIALES-DE-CONSTRUCCION,(4)2273499
Comercio al por menor de articulos de ferreteria pinturas y productos de vidrio en establecimientos especializados,AMAGA,ANTIOQUIA,CORREGIDURIA CAMILO C,https://empresite.eleconomistaamerica.co/DEPOSITO-MATERIALES-PARA-CONSTRUCCION-CAMILOCE-LTDA.html,DEPOSITO DE MATERIALES PARA LA CONSTRUCCION CAMILOCE LTDA,APROVECHAMIENTO-MATERIALES-DE-CONSTRUCCION,(4)8472158
Comercio al por mayor de materiales de construccion articulos de ferreteria pinturas productos de vidrio equipo y materiales de fontaneria y calefaccion,MEDELLIN,ANTIOQUIA,CALLE 19 A 43 B 41,https://empresite.eleconomistaamerica.co/DESTILADOS-SOLVENTES-SA.html,CACHARRERIA MUNDIAL S A S,TRATAMIENTO-DE-MATERIALES-DE-CONSTRUCCION,(4)2619100
Comercio al por menor de articulos de ferreteria pinturas y productos de vidrio en establecimientos especializados,MEDELLIN,ANTIOQUIA,,https://empresite.eleconomistaamerica.co/DEPOSITO-MATERIALES-PARA-CONSTRUCCION-MG-SAS.html,DEPOSITO DE MATERIALES PARA LA CONSTRUCCION MG S A S,TRATAMIENTO-DE-MATERIALES-DE-CONSTRUCCION,(4)2273499
Comercio al por menor de articulos de ferreteria pinturas y productos de vidrio en establecimientos especializados,AMAGA,ANTIOQUIA,CORREGIDURIA CAMILO C,https://empresite.eleconomistaamerica.co/DEPOSITO-MATERIALES-PARA-CONSTRUCCION-CAMILOCE-LTDA.html,DEPOSITO DE MATERIALES PARA LA CONSTRUCCION CAMILOCE LTDA,TRATAMIENTO-DE-MATERIALES-DE-CONSTRUCCION,(4)8472158
Comercio al por mayor de materiales de construccion articulos de ferreteria pinturas productos de vidrio equipo y materiales de fontaneria y calefaccion,MEDELLIN,ANTIOQUIA,CALLE 53 71 A 17,https://empresite.eleconomistaamerica.co/MATERIALES-DECO-SAS.html,MATERIALES DECO S A S,TRATAMIENTO-DE-MATERIALES-DE-CONSTRUCCION,3168785064
Comercio al por mayor de materiales de construccion articulos de ferreteria pinturas productos de vidrio equipo y materiales de fontaneria y calefaccion,MEDELLIN,ANTIOQUIA,CARRERA 35 16 A SUR 75,https://empresite.eleconomistaamerica.co/DEPOSITO-MATERIALES-ADA-LTDA.html,DEPOSITO DE MATERIALES ADA LTDA,TRATAMIENTO-DE-MATERIALES-DE-CONSTRUCCION,(4)3131267
Comercio al por menor de articulos de ferreteria pinturas y productos de vidrio en establecimientos especializados,SONSON,ANTIOQUIA,CALLE 6 CR 05 23 31,https://empresite.eleconomistaamerica.co/DEPOSITO-MATERIALES-HERNAN-LOAIZA-V-LTDA.html,DEPOSITO DE MATERIALES HERNAN LOAIZA V LTDA,TRATAMIENTO-DE-MATERIALES-DE-CONSTRUCCION,(4)8691758
Comercio al por mayor de materiales de construccion articulos de ferreteria pinturas productos de vidrio equipo y materiales de fontaneria y calefaccion,RETIRO,ANTIOQUIA,LUGAR VTE LAS PALMAS KM 19 VRD EL CORINTO,https://empresite.eleconomistaamerica.co/DEPOSITO-MATERIALES-FERRETERIA-AGROPECUARIA-TIENDA-MIXTA-ESCOBERO-LTDA.html,DEPOSITO DE MATERIALES FERRETERIA AGROPECUARIA Y TIENDA MIXTA EL ESCOBERO LTDA,TRATAMIENTO-DE-MATERIALES-DE-CONSTRUCCION,(4)3860051
Comercio al por mayor de materiales de construccion articulos de ferreteria pinturas productos de vidrio equipo y materiales de fontaneria y calefaccion,MEDELLIN,ANTIOQUIA,CALLE 10 42 45 OF 517,https://empresite.eleconomistaamerica.co/DEPOSITO-MATERIALES-MANUELITA-SAS.html,DEPOSITO DE MATERIALES LA MANUELITA S A S,TRATAMIENTO-DE-MATERIALES-DE-CONSTRUCCION,(4)2680979
Comercio al por mayor de materiales de construccion articulos de ferreteria pinturas productos de vidrio equipo y materiales de fontaneria y calefaccion,AMAGA,ANTIOQUIA,VEREDA EL MORRO TRONCAL DEL CAFE,https://empresite.eleconomistaamerica.co/DEPOSITO-MATERIALES-FERRETERIA-CAMILO-CSAS.html,DEPOSITO DE MATERIALES Y FERRETERIA CAMILO C S A S,TRATAMIENTO-DE-MATERIALES-DE-CONSTRUCCION,(4)8471443
Comercio al por mayor de materiales de construccion articulos de ferreteria pinturas productos de vidrio equipo y materiales de fontaneria y calefaccion,SANTUARIO,ANTIOQUIA,CALLE 45 CR 52 46,https://empresite.eleconomistaamerica.co/DEPOSITO-MATERIALES-GIRALDO-SAS.html,DEPOSITO DE MATERIALES LOS GIRALDO S A S,TRATAMIENTO-DE-MATERIALES-DE-CONSTRUCCION,(4)5460726
Comercio al por menor de articulos de ferreteria pinturas y productos de vidrio en establecimientos especializados,MEDELLIN,ANTIOQUIA,CARRERA 32 9 S 83 CASA 181,https://empresite.eleconomistaamerica.co/DEPOSITO-MATERIALES-FERRETERIA-PUERTO-ESCONDIDO-SAS.html,DEPOSITO DE MATERIALES Y FERRETERIA PUERTO ESCONDIDO S A S,TRATAMIENTO-DE-MATERIALES-DE-CONSTRUCCION,(4)5839321
Comercio al por mayor de desperdicios desechos y chatarra,MEDELLIN,ANTIOQUIA,CARRERA 56 A 50 A 25,https://empresite.eleconomistaamerica.co/DEPOSITO-MATERIALES-ELECTRICOS-NUEVOS-SEGUNDA-SAS.html,DEPOSITO DE MATERIALES ELECTRICOS NUEVOS Y DE SEGUNDA S A S,TRATAMIENTO-DE-MATERIALES-DE-CONSTRUCCION,(4)5143668
Comercio al por mayor de materiales de construccion articulos de ferreteria pinturas productos de vidrio equipo y materiales de fontaneria y calefaccion,EBEJICO,ANTIOQUIA,CALLE 17 20 29,https://empresite.eleconomistaamerica.co/DEPOSITO-MATERIALES-GONZALEZ-COMPANIA-LTDA.html,DEPOSITO DE MATERIALES LOS GONZALEZ Y COMPANIA LTDA,TRATAMIENTO-DE-MATERIALES-DE-CONSTRUCCION,(4)8562605
Comercio al por menor de articulos de ferreteria pinturas y productos de vidrio en establecimientos especializados,SOPETRAN,ANTIOQUIA,CARRERA 10 9 27,https://empresite.eleconomistaamerica.co/DEPOSITO-MATERIALES-FINQUERO-SAS.html,DEPOSITO DE MATERIALES EL FINQUERO S A S,TRATAMIENTO-DE-MATERIALES-DE-CONSTRUCCION,(4)8541521
Demolicion,LA ESTRELLA,ANTIOQUIA,CALLE 77 SUR 55 112,https://empresite.eleconomistaamerica.co/DEPOSITO-MATERIALES-SEGUNDA-FREDY-POSADA-SAS.html,DEPOSITO DE MATERIALES DE SEGUNDA FREDY POSADA S A S,TRATAMIENTO-DE-MATERIALES-DE-CONSTRUCCION,3136875963
Comercio al por mayor de materiales de construccion articulos de ferreteria pinturas productos de vidrio equipo y materiales de fontaneria y calefaccion,MEDELLIN,ANTIOQUIA,AVENIDA 33 81 59,https://empresite.eleconomistaamerica.co/DEPOSITO-MATERIALES-SANTA-GEMA-SAS.html,DEPOSITO DE MATERIALES SANTA GEMA S A S,TRATAMIENTO-DE-MATERIALES-DE-CONSTRUCCION,(4)2509467
Comercio al por menor de articulos de ferreteria pinturas y productos de vidrio en establecimientos especializados,BELLO,ANTIOQUIA,AVENIDA 47 B 65 47,https://empresite.eleconomistaamerica.co/DEPOSITO-MATERIALES-CONQUISTA-SAS.html,DEPOSITO DE MATERIALES LA CONQUISTA S A S,TRATAMIENTO-DE-MATERIALES-DE-CONSTRUCCION,(4)4813281
Comercio al por mayor de materiales de construccion articulos de ferreteria pinturas productos de vidrio equipo y materiales de fontaneria y calefaccion,LA CEJA,ANTIOQUIA,CARRERA 20 B 8 A 33 P2,https://empresite.eleconomistaamerica.co/DEPOSITO-MATERIALES-LOPEZ-SAS.html,DEPOSITO DE MATERIALES LOS LOPEZ S A S,TRATAMIENTO-DE-MATERIALES-DE-CONSTRUCCION,(4)5533312
Comercio al por menor de articulos de ferreteria pinturas y productos de vidrio en establecimientos especializados,MEDELLIN,ANTIOQUIA,CARRERA 48 39 34,https://empresite.eleconomistaamerica.co/DEPOSITO-MATERIALES-CAMPANA-SAS.html,DEPOSITO DE MATERIALES LA CAMPANA S A S,TRATAMIENTO-DE-MATERIALES-DE-CONSTRUCCION,(4)3817330
Comercio al por menor de articulos de ferreteria pinturas y productos de vidrio en establecimientos especializados,MEDELLIN,ANTIOQUIA,CARRERA 87 50 AA 110,https://empresite.eleconomistaamerica.co/DEPOSITO-MATERIALES-VEMACO-LTDA.html,DEPOSITO DE MATERIALES VEMACO LTDA,TRATAMIENTO-DE-MATERIALES-DE-CONSTRUCCION,(4)2580000
Comercio al por mayor de materiales de construccion articulos de ferreteria pinturas productos de vidrio equipo y materiales de fontaneria y calefaccion,SANTAFE DE ANTIOQUIA,ANTIOQUIA,VEREDA PASO REAL,https://empresite.eleconomistaamerica.co/DEPOSITO-MATERIALES-MADERAS-MI-SANTA-FE-SAS-ZOMAC.html,DEPOSITO DE MATERIALES Y MADERAS MI SANTA FE S A S ZOMAC,TRATAMIENTO-DE-MATERIALES-DE-CONSTRUCCION,(4)8535510
Demolicion,MEDELLIN,ANTIOQUIA,CARRERA 53 58 53,https://empresite.eleconomistaamerica.co/DEMOLICIONES-DEPOSITO-MATERIALES-GUTIERREZ-LTDA.html,DEMOLICIONES Y DEPOSITO DE MATERIALES GUTIERREZ LTDA,TRATAMIENTO-DE-MATERIALES-DE-CONSTRUCCION,(4)5121049
Comercio al por mayor de materiales de construccion articulos de ferreteria pinturas productos de vidrio equipo y materiales de fontaneria y calefaccion,SABANETA,ANTIOQUIA,CALLE 75 SUR 46 D 39,https://empresite.eleconomistaamerica.co/DEPOSITO-MATERIALES-FERRETERIA-CARRETILLERO-SAS.html,DEPOSITO DE MATERIALES Y FERRETERIA EL CARRETILLERO S A S,TRATAMIENTO-DE-MATERIALES-DE-CONSTRUCCION,(4)2888219
Comercio al por mayor de materiales de construccion articulos de ferreteria pinturas productos de vidrio equipo y materiales de fontaneria y calefaccion,BARBOSA,ANTIOQUIA,CARRERA 17 13 36,https://empresite.eleconomistaamerica.co/DEPOSITO-MATERIALES-GRAN-AVENIDA-SAS.html,DEPOSITO DE MATERIALES LA GRAN AVENIDA S A S,TRATAMIENTO-DE-MATERIALES-DE-CONSTRUCCION,(4)4061038
Comercio al por mayor de materiales de construccion articulos de ferreteria pinturas productos de vidrio equipo y materiales de fontaneria y calefaccion,BELLO,ANTIOQUIA,CALLE 25 C 75 17,https://empresite.eleconomistaamerica.co/DEPOSITO-MATERIALES-PUNTO-NORTE-SAS.html,DEPOSITO DE MATERIALES PUNTO DEL NORTE S A S,TRATAMIENTO-DE-MATERIALES-DE-CONSTRUCCION,(4)3225052
Comercio al por menor de articulos de ferreteria pinturas y productos de vidrio en establecimientos especializados,MEDELLIN,ANTIOQUIA,CARRERA SANTA ELENA,https://empresite.eleconomistaamerica.co/DEPOSITO-MATERIALES-SANTA-ELENA-LTDA.html,DEPOSITO DE MATERIALES SANTA ELENA LTDA,TRATAMIENTO-DE-MATERIALES-DE-CONSTRUCCION,(4)5380419
Comercio al por menor de articulos de ferreteria pinturas y productos de vidrio en establecimientos especializados,GIRARDOTA,ANTIOQUIA,CALLE 6 17 51,https://empresite.eleconomistaamerica.co/DEPOSITO-MATERIALES-SEXTA-GIRARDOTA-SAS.html,DEPOSITO DE MATERIALES LA SEXTA DE GIRARDOTA S A S,TRATAMIENTO-DE-MATERIALES-DE-CONSTRUCCION,(4)2894084
Comercio al por menor de articulos de ferreteria pinturas y productos de vidrio en establecimientos especializados,MEDELLIN,ANTIOQUIA,CARRERA 52 55 31,https://empresite.eleconomistaamerica.co/MATERIALES-DEPOSITO-METROPON-EU.html,METROPON S A S,TRATAMIENTO-DE-MATERIALES-DE-CONSTRUCCION,(4)5131511
Actividades de arquitectura e ingenieria y otras actividades conexas de consultoria tecnica,MEDELLIN,ANTIOQUIA,CA 83 B 33 72,https://empresite.eleconomistaamerica.co/DERECHO-CONSTRUCCION-SA.html,DERECHO DE LA CONSTRUCCION S A,TRATAMIENTO-DE-MATERIALES-DE-CONSTRUCCION,(4)4442050
Construccion de otras obras de ingenieria civil,MEDELLIN,ANTIOQUIA,,https://empresite.eleconomistaamerica.co/DEVICON-CONSTRUCCIONES-SAS.html,DEVICON CONSTRUCCIONES S A S,TRATAMIENTO-DE-MATERIALES-DE-CONSTRUCCION,(4)4924028
Comercio al por menor de articulos de ferreteria pinturas y productos de vidrio en establecimientos especializados,ITAGUI,ANTIOQUIA,CARRERA 53 52 43,https://empresite.eleconomistaamerica.co/DEPOSITO-CONSTRUCCIONES-REFORMAS-CONSTRUCCION-RESTREPO-EU.html,DEPOSITO CONSTRUCCIONES REFORMAS EN CONSTRUCCION RESTREPO E U,TRATAMIENTO-DE-MATERIALES-DE-CONSTRUCCION,(4)3742512
Comercio al por mayor de materiales de construccion articulos de ferreteria pinturas productos de vidrio equipo y materiales de fontaneria y calefaccion,RIONEGRO,ANTIOQUIA,CARRERA 47 56 66,https://empresite.eleconomistaamerica.co/DEPOSITO-FERRETERIA-MEGA-CONSTRUCCION-LTDA.html,DEPOSITO Y FERRETERIA MEGA CONSTRUCCION LTDA,TRATAMIENTO-DE-MATERIALES-DE-CONSTRUCCION,(4)5631332
Demolicion,MEDELLIN,ANTIOQUIA,CARRERA 58 DD 83 EE 75 INT 15,https://empresite.eleconomistaamerica.co/DEMOLICIONES-REMODELACIONES-AFINES-CONSTRUCCION-SAS.html,DEMOLICIONES REMODELACIONES Y AFINES A LA CONSTRUCCION S A S,TRATAMIENTO-DE-MATERIALES-DE-CONSTRUCCION,(4)2699793
Construccion de edificios residenciales,MEDELLIN,ANTIOQUIA,CARRERA 76 INT 808,https://empresite.eleconomistaamerica.co/DESARROLLAR-CONSTRUCCIONES-SAS.html,DESARROLLAR CONSTRUCCIONES S A S,TRATAMIENTO-DE-MATERIALES-DE-CONSTRUCCION,(4)5854452
Construccion de carreteras y vias de ferrocarril,BARRANQUILLA,ANTIOQUIA,CALLE 67 41 105,https://empresite.eleconomistaamerica.co/DEVAS-CONSTRUCCIONES-CONSULTORIAS-SAS.html,DEVAS CONSTRUCCIONES Y CONSULTORIAS S A S,TRATAMIENTO-DE-MATERIALES-DE-CONSTRUCCION,3162593630
Construccion de edificios residenciales,,ANTIOQUIA,,https://empresite.eleconomistaamerica.co/DESARROLLOS-MODERNOS-CONSTRUCCION-SAS.html,DESARROLLOS MODERNOS DE CONSTRUCCION S A S,TRATAMIENTO-DE-MATERIALES-DE-CONSTRUCCION,
Construccion de edificios residenciales,MEDELLIN,ANTIOQUIA,CALLE 52 49 27,https://empresite.eleconomistaamerica.co/DESARROLLO-CONSTRUCCIONES-COLOMBIA-SAS.html,DESARROLLO DE CONSTRUCCIONES COLOMBIA S A S,TRATAMIENTO-DE-MATERIALES-DE-CONSTRUCCION,(4)2313446
Actividades especializadas de diseño,MEDELLIN,ANTIOQUIA,VIA CIRCULAR 4 66 B 09,https://empresite.eleconomistaamerica.co/DECORACION-INTERIORES-CONSTRUCCION-DIC-ARQUITECTURA-INMOBILIARIA-LTDA.html,DECORACION DE INTERIORES CONSTRUCCION DIC ARQUITECTURA INMOBILIARIA LTDA,TRATAMIENTO-DE-MATERIALES-DE-CONSTRUCCION,(4)4302804
Investigaciones y desarrollo experimental en el campo de las ciencias naturales y la ingenieria,BELLO,ANTIOQUIA,AVENIDA 40 51 110 INT 917,https://empresite.eleconomistaamerica.co/INSTITUTO-INVESTIGACION-DESARROLLO-ENERGIA-MATERIALES-ECOEFICIENTES-SA.html,INSTITUTO DE INVESTIGACION Y DESARROLLO EN ENERGIA Y MATERIALES ECOEFICIENTES S A,TRATAMIENTO-DE-MATERIALES-DE-CONSTRUCCION,(4)4822827
Comercio al por menor de articulos de ferreteria pinturas y productos de vidrio en establecimientos especializados,SAN ROQUE,ANTIOQUIA,CALLE 21 18 14,https://empresite.eleconomistaamerica.co/FERRETERIA-DEPOSITO-MATERIALES-CONSTRUCTOR-SAS.html,FERRETERIA Y DEPOSITO DE MATERIALES EL CONSTRUCTOR S A S,TRATAMIENTO-DE-MATERIALES-DE-CONSTRUCCION,3117205252
Actividades de impresion,MEDELLIN,ANTIOQUIA,CALLE 42 A 68 33,https://empresite.eleconomistaamerica.co/TRANSFORMACION-DECORADO-MATERIALES-SAS.html,TRANSFORMACION Y DECORADO DE MATERIALES S A S,TRATAMIENTO-DE-MATERIALES-DE-CONSTRUCCION,(4)3511428
Comercio al por menor de articulos de ferreteria pinturas y productos de vidrio en establecimientos especializados,MEDELLIN,ANTIOQUIA,CARRERA 55 51 19,https://empresite.eleconomistaamerica.co/ELECTRICAS-MATERIALES-DELTA-LTDA.html,ELECTRICAS Y MATERIALES DELTA S A S,TRATAMIENTO-DE-MATERIALES-DE-CONSTRUCCION,(4)4481725
Comercio al por menor de articulos de ferreteria pinturas y productos de vidrio en establecimientos especializados,SONSON,ANTIOQUIA,CARRERA 7 12 47,https://empresite.eleconomistaamerica.co/FERRETERIA-DEPOSITO-MATERIALES-PROGRESO-SAS.html,FERRETERIA Y DEPOSITO DE MATERIALES EL PROGRESO SAS,TRATAMIENTO-DE-MATERIALES-DE-CONSTRUCCION,(4)8332142
Otras actividades especializadas para la construccion de edificios y obras de ingenieria civil,MEDELLIN,ANTIOQUIA,CALLE 34 85 C 20,https://empresite.eleconomistaamerica.co/CONSTRUCCIONES-DEMOLICIONES-ESPECIALIZADAS-SAS.html,CONSTRUCCIONES Y DEMOLICIONES ESPECIALIZADAS S A S,TRATAMIENTO-DE-MATERIALES-DE-CONSTRUCCION,(4)4920117
Construccion de otras obras de ingenieria civil,MEDELLIN,ANTIOQUIA,CALLE 42 C 63 C 145,https://empresite.eleconomistaamerica.co/CONSTRUCCIONES-DEMOLICIONES-SAS.html,CONSTRUCCIONES Y DEMOLICIONES S A S,TRATAMIENTO-DE-MATERIALES-DE-CONSTRUCCION,(4)5075418
Construccion de edificios residenciales,MEDELLIN,ANTIOQUIA,CALLE 79 50 C 40,https://empresite.eleconomistaamerica.co/CONSTRUCCIONES-DESARROLLOS-INGENIERIA-SAS.html,CONSTRUCCIONES Y DESARROLLOS DE INGENIERIA S A S,TRATAMIENTO-DE-MATERIALES-DE-CONSTRUCCION,(4)3415920
Construccion de edificios residenciales,MEDELLIN,ANTIOQUIA,CALLE 1 79 AA 38,https://empresite.eleconomistaamerica.co/CONSTRUCCIONES-GIL-DELGADO-SAS.html,CONSTRUCCIONES GIL Y DELGADO SAS,TRATAMIENTO-DE-MATERIALES-DE-CONSTRUCCION,(4)5799589
Construccion de otras obras de ingenieria civil,MEDELLIN,ANTIOQUIA,CARRERA 29 59 63,https://empresite.eleconomistaamerica.co/CONSTRUCCIONES-DEMOLICIONES-MP-LTDA.html,CONSTRUCCIONES Y DEMOLICIONES MP LTDA,TRATAMIENTO-DE-MATERIALES-DE-CONSTRUCCION,(4)2544672
Demolicion,APARTADO,ANTIOQUIA,CARRERA 99 96 37 OF 207 APARTACENTRO,https://empresite.eleconomistaamerica.co/CONSTRUCCIONES-DEMOLICIONES-CONDEHABITAR-SAS.html,CONSTRUCCIONES Y DEMOLICIONES CONDEHABITAR S A S,TRATAMIENTO-DE-MATERIALES-DE-CONSTRUCCION,(4)8281475
Construccion de edificios residenciales,MEDELLIN,ANTIOQUIA,CALLE 4 A 12 ES 85 CORREG,https://empresite.eleconomistaamerica.co/CONSTRUCCIONES-DESARROLLOS-COLOMBO-ESPANOL-SAS.html,CONSTRUCCIONES Y DESARROLLOS COLOMBO ESPANOL S A S,TRATAMIENTO-DE-MATERIALES-DE-CONSTRUCCION,3215772050
Terminacion y acabado de edificios y obras de ingenieria civil,MEDELLIN,ANTIOQUIA,CALLE 62 C 135 41,https://empresite.eleconomistaamerica.co/CONSTRUCCIONES-ACABADOS-JOSE-DENILSON-SAS.html,CONSTRUCCIONES Y ACABADOS JOSE DENILSON S A S,TRATAMIENTO-DE-MATERIALES-DE-CONSTRUCCION,3046759247
Preparacion del terreno,MEDELLIN,ANTIOQUIA,CALLE 104 B 50 B 38,https://empresite.eleconomistaamerica.co/CONSTRUCCIONES-DEMOLICIONES-LONDONO-SAS.html,CONSTRUCCIONES Y DEMOLICIONES LONDONO S A S,TRATAMIENTO-DE-MATERIALES-DE-CONSTRUCCION,3128915761
Construccion de otras obras de ingenieria civil,MEDELLIN,ANTIOQUIA,CARRERA 29 47 30 OF 101 ED,https://empresite.eleconomistaamerica.co/CONSTRUCCIONES-DESARROLLOS-MANTENIMIENTOS-MORALES-MEJIA-SAS.html,CONSTRUCCIONES DESARROLLOS Y MANTENIMIENTOS MORALES MEJIA S A S,TRATAMIENTO-DE-MATERIALES-DE-CONSTRUCCION,3193466602
Actividades de otras asociaciones n c p,PUERTO BERRIO,ANTIOQUIA,CALLE 49 6 34,https://empresite.eleconomistaamerica.co/FUNDACION-PARA-CONSTRUCCION-PAZ-DEMOCRACIA-DESARROLLO-SOSTENIBLE-FUNDEPAZ.html,FUNDACION PARA LA CONSTRUCCION DE LA PAZ Y LA DEMOCRACIA Y UN DESARROLLO SOSTENIBLE FUNDEPAZ,TRATAMIENTO-DE-MATERIALES-DE-CONSTRUCCION,(4)8335712
Actividades de arquitectura e ingenieria y otras actividades conexas de consultoria tecnica,MEDELLIN,ANTIOQUIA,CALLE 50 A 86 445,https://empresite.eleconomistaamerica.co/INVESTIGACION-DESARROLLO-CONSTRUCCION-MANTENIMIENTO-SAS.html,INVESTIGACION Y DESARROLLO EN LA CONSTRUCCION Y MANTENIMIENTO S A S,TRATAMIENTO-DE-MATERIALES-DE-CONSTRUCCION,(4)2344002
Fabricacion de fibras sinteticas y artificiales,MEDELLIN,ANTIOQUIA,CALLE 31 70 48,https://empresite.eleconomistaamerica.co/ECO-DESARROLLOS-PARA-CONSTRUCCION-SAS.html,ECO DESARROLLOS PARA LA CONSTRUCCION S A S,TRATAMIENTO-DE-MATERIALES-DE-CONSTRUCCION,(4)5810808
,MEDELLIN,ANTIOQUIA,CARRERA 84 44 BB 05,https://empresite.eleconomistaamerica.co/APLICACION-MANTENIMIENTO-DETALLES-CONSTRUCCION-SAS.html,APLICACION MANTENIMIENTO DETALLES CONSTRUCCION S A S,TRATAMIENTO-DE-MATERIALES-DE-CONSTRUCCION,
Otras actividades especializadas para la construccion de edificios y obras de ingenieria civil,MEDELLIN,ANTIOQUIA,CARRERA 65 A 24 23,https://empresite.eleconomistaamerica.co/ACABADOS-CONSTRUCCION-DECORHABITAT-SAS.html,ACABADOS Y CONSTRUCCION DECORHABITAT S A S,TRATAMIENTO-DE-MATERIALES-DE-CONSTRUCCION,(4)5819922
Construccion de otras obras de ingenieria civil,LA CEJA,ANTIOQUIA,CALLE 22 16 50,https://empresite.eleconomistaamerica.co/BYC-CONSTRUCCIONES-DECORACIONES-SAS.html,B Y C CONSTRUCCIONES Y DECORACIONES S A S,TRATAMIENTO-DE-MATERIALES-DE-CONSTRUCCION,3023971512
Actividades de apoyo a la agricultura,APARTADO,ANTIOQUIA,CALLE 100 106 50,https://empresite.eleconomistaamerica.co/SERVICIOS-GENERALES-CONSTRUCCIONES-DEFORESTACIONES-ELIFER-SAS.html,SERVICIOS GENERALES Y CONSTRUCCIONES DEFORESTACIONES ELIFER S A S,TRATAMIENTO-DE-MATERIALES-DE-CONSTRUCCION,3008099210
Fabricacion de productos metalicos para uso estructural,MEDELLIN,ANTIOQUIA,CARRERA 59 A 14 77,https://empresite.eleconomistaamerica.co/SERVICIOS-DECORACION-CONSTRUCCION-LTDA.html,SERVICIOS A LA DECORACION Y CONSTRUCCION LTDA,TRATAMIENTO-DE-MATERIALES-DE-CONSTRUCCION,(4)2857005
Comercio al por mayor de materiales de construccion articulos de ferreteria pinturas productos de vidrio equipo y materiales de fontaneria y calefaccion,MEDELLIN,ANTIOQUIA,CALLE 19 A 43 B 41,https://empresite.eleconomistaamerica.co/DESTILADOS-SOLVENTES-SA.html,CACHARRERIA MUNDIAL S A S,TRATAMIENTO-MATERIALES-DE-CONSTRUCCION,(4)2619100
Comercio al por menor de articulos de ferreteria pinturas y productos de vidrio en establecimientos especializados,MEDELLIN,ANTIOQUIA,,https://empresite.eleconomistaamerica.co/DEPOSITO-MATERIALES-PARA-CONSTRUCCION-MG-SAS.html,DEPOSITO DE MATERIALES PARA LA CONSTRUCCION MG S A S,TRATAMIENTO-MATERIALES-DE-CONSTRUCCION,(4)2273499
Comercio al por menor de articulos de ferreteria pinturas y productos de vidrio en establecimientos especializados,AMAGA,ANTIOQUIA,CORREGIDURIA CAMILO C,https://empresite.eleconomistaamerica.co/DEPOSITO-MATERIALES-PARA-CONSTRUCCION-CAMILOCE-LTDA.html,DEPOSITO DE MATERIALES PARA LA CONSTRUCCION CAMILOCE LTDA,TRATAMIENTO-MATERIALES-DE-CONSTRUCCION,(4)8472158
Comercio al por mayor de materiales de construccion articulos de ferreteria pinturas productos de vidrio equipo y materiales de fontaneria y calefaccion,MEDELLIN,ANTIOQUIA,CALLE 19 A 43 B 41,https://empresite.eleconomistaamerica.co/DESTILADOS-SOLVENTES-SA.html,CACHARRERIA MUNDIAL S A S,TRANSFORMACION-DE-MATERIALES-DE-CONSTRUCCION,(4)2619100
Actividades de impresion,MEDELLIN,ANTIOQUIA,CALLE 42 A 68 33,https://empresite.eleconomistaamerica.co/TRANSFORMACION-DECORADO-MATERIALES-SAS.html,TRANSFORMACION Y DECORADO DE MATERIALES S A S,TRANSFORMACION-DE-MATERIALES-DE-CONSTRUCCION,(4)3511428
Comercio al por menor de articulos de ferreteria pinturas y productos de vidrio en establecimientos especializados,MEDELLIN,ANTIOQUIA,,https://empresite.eleconomistaamerica.co/DEPOSITO-MATERIALES-PARA-CONSTRUCCION-MG-SAS.html,DEPOSITO DE MATERIALES PARA LA CONSTRUCCION MG S A S,TRANSFORMACION-DE-MATERIALES-DE-CONSTRUCCION,(4)2273499
Comercio al por menor de articulos de ferreteria pinturas y productos de vidrio en establecimientos especializados,AMAGA,ANTIOQUIA,CORREGIDURIA CAMILO C,https://empresite.eleconomistaamerica.co/DEPOSITO-MATERIALES-PARA-CONSTRUCCION-CAMILOCE-LTDA.html,DEPOSITO DE MATERIALES PARA LA CONSTRUCCION CAMILOCE LTDA,TRANSFORMACION-DE-MATERIALES-DE-CONSTRUCCION,(4)8472158
Comercio al por mayor de materiales de construccion articulos de ferreteria pinturas productos de vidrio equipo y materiales de fontaneria y calefaccion,MEDELLIN,ANTIOQUIA,CALLE 53 71 A 17,https://empresite.eleconomistaamerica.co/MATERIALES-DECO-SAS.html,MATERIALES DECO S A S,TRANSFORMACION-DE-MATERIALES-DE-CONSTRUCCION,3168785064
Comercio al por mayor de materiales de construccion articulos de ferreteria pinturas productos de vidrio equipo y materiales de fontaneria y calefaccion,MEDELLIN,ANTIOQUIA,CARRERA 35 16 A SUR 75,https://empresite.eleconomistaamerica.co/DEPOSITO-MATERIALES-ADA-LTDA.html,DEPOSITO DE MATERIALES ADA LTDA,TRANSFORMACION-DE-MATERIALES-DE-CONSTRUCCION,(4)3131267
Comercio al por menor de articulos de ferreteria pinturas y productos de vidrio en establecimientos especializados,SONSON,ANTIOQUIA,CALLE 6 CR 05 23 31,https://empresite.eleconomistaamerica.co/DEPOSITO-MATERIALES-HERNAN-LOAIZA-V-LTDA.html,DEPOSITO DE MATERIALES HERNAN LOAIZA V LTDA,TRANSFORMACION-DE-MATERIALES-DE-CONSTRUCCION,(4)8691758
Comercio al por mayor de materiales de construccion articulos de ferreteria pinturas productos de vidrio equipo y materiales de fontaneria y calefaccion,RETIRO,ANTIOQUIA,LUGAR VTE LAS PALMAS KM 19 VRD EL CORINTO,https://empresite.eleconomistaamerica.co/DEPOSITO-MATERIALES-FERRETERIA-AGROPECUARIA-TIENDA-MIXTA-ESCOBERO-LTDA.html,DEPOSITO DE MATERIALES FERRETERIA AGROPECUARIA Y TIENDA MIXTA EL ESCOBERO LTDA,TRANSFORMACION-DE-MATERIALES-DE-CONSTRUCCION,(4)3860051
Comercio al por mayor de materiales de construccion articulos de ferreteria pinturas productos de vidrio equipo y materiales de fontaneria y calefaccion,MEDELLIN,ANTIOQUIA,CALLE 10 42 45 OF 517,https://empresite.eleconomistaamerica.co/DEPOSITO-MATERIALES-MANUELITA-SAS.html,DEPOSITO DE MATERIALES LA MANUELITA S A S,TRANSFORMACION-DE-MATERIALES-DE-CONSTRUCCION,(4)2680979
Comercio al por mayor de materiales de construccion articulos de ferreteria pinturas productos de vidrio equipo y materiales de fontaneria y calefaccion,AMAGA,ANTIOQUIA,VEREDA EL MORRO TRONCAL DEL CAFE,https://empresite.eleconomistaamerica.co/DEPOSITO-MATERIALES-FERRETERIA-CAMILO-CSAS.html,DEPOSITO DE MATERIALES Y FERRETERIA CAMILO C S A S,TRANSFORMACION-DE-MATERIALES-DE-CONSTRUCCION,(4)8471443
Comercio al por mayor de materiales de construccion articulos de ferreteria pinturas productos de vidrio equipo y materiales de fontaneria y calefaccion,SANTUARIO,ANTIOQUIA,CALLE 45 CR 52 46,https://empresite.eleconomistaamerica.co/DEPOSITO-MATERIALES-GIRALDO-SAS.html,DEPOSITO DE MATERIALES LOS GIRALDO S A S,TRANSFORMACION-DE-MATERIALES-DE-CONSTRUCCION,(4)5460726
Comercio al por menor de articulos de ferreteria pinturas y productos de vidrio en establecimientos especializados,MEDELLIN,ANTIOQUIA,CARRERA 32 9 S 83 CASA 181,https://empresite.eleconomistaamerica.co/DEPOSITO-MATERIALES-FERRETERIA-PUERTO-ESCONDIDO-SAS.html,DEPOSITO DE MATERIALES Y FERRETERIA PUERTO ESCONDIDO S A S,TRANSFORMACION-DE-MATERIALES-DE-CONSTRUCCION,(4)5839321
Comercio al por mayor de desperdicios desechos y chatarra,MEDELLIN,ANTIOQUIA,CARRERA 56 A 50 A 25,https://empresite.eleconomistaamerica.co/DEPOSITO-MATERIALES-ELECTRICOS-NUEVOS-SEGUNDA-SAS.html,DEPOSITO DE MATERIALES ELECTRICOS NUEVOS Y DE SEGUNDA S A S,TRANSFORMACION-DE-MATERIALES-DE-CONSTRUCCION,(4)5143668
Comercio al por mayor de materiales de construccion articulos de ferreteria pinturas productos de vidrio equipo y materiales de fontaneria y calefaccion,EBEJICO,ANTIOQUIA,CALLE 17 20 29,https://empresite.eleconomistaamerica.co/DEPOSITO-MATERIALES-GONZALEZ-COMPANIA-LTDA.html,DEPOSITO DE MATERIALES LOS GONZALEZ Y COMPANIA LTDA,TRANSFORMACION-DE-MATERIALES-DE-CONSTRUCCION,(4)8562605
Comercio al por menor de articulos de ferreteria pinturas y productos de vidrio en establecimientos especializados,SOPETRAN,ANTIOQUIA,CARRERA 10 9 27,https://empresite.eleconomistaamerica.co/DEPOSITO-MATERIALES-FINQUERO-SAS.html,DEPOSITO DE MATERIALES EL FINQUERO S A S,TRANSFORMACION-DE-MATERIALES-DE-CONSTRUCCION,(4)8541521
Demolicion,LA ESTRELLA,ANTIOQUIA,CALLE 77 SUR 55 112,https://empresite.eleconomistaamerica.co/DEPOSITO-MATERIALES-SEGUNDA-FREDY-POSADA-SAS.html,DEPOSITO DE MATERIALES DE SEGUNDA FREDY POSADA S A S,TRANSFORMACION-DE-MATERIALES-DE-CONSTRUCCION,3136875963
Comercio al por mayor de materiales de construccion articulos de ferreteria pinturas productos de vidrio equipo y materiales de fontaneria y calefaccion,MEDELLIN,ANTIOQUIA,AVENIDA 33 81 59,https://empresite.eleconomistaamerica.co/DEPOSITO-MATERIALES-SANTA-GEMA-SAS.html,DEPOSITO DE MATERIALES SANTA GEMA S A S,TRANSFORMACION-DE-MATERIALES-DE-CONSTRUCCION,(4)2509467
Comercio al por menor de articulos de ferreteria pinturas y productos de vidrio en establecimientos especializados,BELLO,ANTIOQUIA,AVENIDA 47 B 65 47,https://empresite.eleconomistaamerica.co/DEPOSITO-MATERIALES-CONQUISTA-SAS.html,DEPOSITO DE MATERIALES LA CONQUISTA S A S,TRANSFORMACION-DE-MATERIALES-DE-CONSTRUCCION,(4)4813281
Comercio al por mayor de materiales de construccion articulos de ferreteria pinturas productos de vidrio equipo y materiales de fontaneria y calefaccion,LA CEJA,ANTIOQUIA,CARRERA 20 B 8 A 33 P2,https://empresite.eleconomistaamerica.co/DEPOSITO-MATERIALES-LOPEZ-SAS.html,DEPOSITO DE MATERIALES LOS LOPEZ S A S,TRANSFORMACION-DE-MATERIALES-DE-CONSTRUCCION,(4)5533312
Comercio al por menor de articulos de ferreteria pinturas y productos de vidrio en establecimientos especializados,MEDELLIN,ANTIOQUIA,CARRERA 48 39 34,https://empresite.eleconomistaamerica.co/DEPOSITO-MATERIALES-CAMPANA-SAS.html,DEPOSITO DE MATERIALES LA CAMPANA S A S,TRANSFORMACION-DE-MATERIALES-DE-CONSTRUCCION,(4)3817330
Comercio al por menor de articulos de ferreteria pinturas y productos de vidrio en establecimientos especializados,MEDELLIN,ANTIOQUIA,CARRERA 87 50 AA 110,https://empresite.eleconomistaamerica.co/DEPOSITO-MATERIALES-VEMACO-LTDA.html,DEPOSITO DE MATERIALES VEMACO LTDA,TRANSFORMACION-DE-MATERIALES-DE-CONSTRUCCION,(4)2580000
Comercio al por mayor de materiales de construccion articulos de ferreteria pinturas productos de vidrio equipo y materiales de fontaneria y calefaccion,SANTAFE DE ANTIOQUIA,ANTIOQUIA,VEREDA PASO REAL,https://empresite.eleconomistaamerica.co/DEPOSITO-MATERIALES-MADERAS-MI-SANTA-FE-SAS-ZOMAC.html,DEPOSITO DE MATERIALES Y MADERAS MI SANTA FE S A S ZOMAC,TRANSFORMACION-DE-MATERIALES-DE-CONSTRUCCION,(4)8535510
Demolicion,MEDELLIN,ANTIOQUIA,CARRERA 53 58 53,https://empresite.eleconomistaamerica.co/DEMOLICIONES-DEPOSITO-MATERIALES-GUTIERREZ-LTDA.html,DEMOLICIONES Y DEPOSITO DE MATERIALES GUTIERREZ LTDA,TRANSFORMACION-DE-MATERIALES-DE-CONSTRUCCION,(4)5121049
Comercio al por mayor de materiales de construccion articulos de ferreteria pinturas productos de vidrio equipo y materiales de fontaneria y calefaccion,SABANETA,ANTIOQUIA,CALLE 75 SUR 46 D 39,https://empresite.eleconomistaamerica.co/DEPOSITO-MATERIALES-FERRETERIA-CARRETILLERO-SAS.html,DEPOSITO DE MATERIALES Y FERRETERIA EL CARRETILLERO S A S,TRANSFORMACION-DE-MATERIALES-DE-CONSTRUCCION,(4)2888219
Comercio al por mayor de materiales de construccion articulos de ferreteria pinturas productos de vidrio equipo y materiales de fontaneria y calefaccion,BARBOSA,ANTIOQUIA,CARRERA 17 13 36,https://empresite.eleconomistaamerica.co/DEPOSITO-MATERIALES-GRAN-AVENIDA-SAS.html,DEPOSITO DE MATERIALES LA GRAN AVENIDA S A S,TRANSFORMACION-DE-MATERIALES-DE-CONSTRUCCION,(4)4061038
Comercio al por mayor de materiales de construccion articulos de ferreteria pinturas productos de vidrio equipo y materiales de fontaneria y calefaccion,BELLO,ANTIOQUIA,CALLE 25 C 75 17,https://empresite.eleconomistaamerica.co/DEPOSITO-MATERIALES-PUNTO-NORTE-SAS.html,DEPOSITO DE MATERIALES PUNTO DEL NORTE S A S,TRANSFORMACION-DE-MATERIALES-DE-CONSTRUCCION,(4)3225052
Comercio al por menor de articulos de ferreteria pinturas y productos de vidrio en establecimientos especializados,MEDELLIN,ANTIOQUIA,CARRERA SANTA ELENA,https://empresite.eleconomistaamerica.co/DEPOSITO-MATERIALES-SANTA-ELENA-LTDA.html,DEPOSITO DE MATERIALES SANTA ELENA LTDA,TRANSFORMACION-DE-MATERIALES-DE-CONSTRUCCION,(4)5380419
Comercio al por menor de articulos de ferreteria pinturas y productos de vidrio en establecimientos especializados,GIRARDOTA,ANTIOQUIA,CALLE 6 17 51,https://empresite.eleconomistaamerica.co/DEPOSITO-MATERIALES-SEXTA-GIRARDOTA-SAS.html,DEPOSITO DE MATERIALES LA SEXTA DE GIRARDOTA S A S,TRANSFORMACION-DE-MATERIALES-DE-CONSTRUCCION,(4)2894084
Comercio al por menor de articulos de ferreteria pinturas y productos de vidrio en establecimientos especializados,MEDELLIN,ANTIOQUIA,CARRERA 52 55 31,https://empresite.eleconomistaamerica.co/MATERIALES-DEPOSITO-METROPON-EU.html,METROPON S A S,TRANSFORMACION-DE-MATERIALES-DE-CONSTRUCCION,(4)5131511
,MEDELLIN,ANTIOQUIA,CA 83 B 33 72,https://empresite.eleconomistaamerica.co/DERECHO-CONSTRUCCION-SA.html,DERECHO DE LA CONSTRUCCION S A,TRANSFORMACION-DE-MATERIALES-DE-CONSTRUCCION,
,PUERTO BERRIO,ANTIOQUIA,CALLE 43 A 20 97 BRR LA MALENA,https://empresite.eleconomistaamerica.co/SERVICIOS-INTEGRALES-SANEAMIENTO-BASICO-SEGURIDAD-MEDIO-AMBIENTE-SOCIEDAD-ACCIONES-SIMPLIFICADAS-EMPRESA-PUBLICOS.html,SERVICIOS INTEGRALES SANEAMIENTO BASICO SEGURIDAD Y MEDIO AMBIENTE SOCIEDAD POR ACCIONES SIMPLIFICADAS EMPRESA DE SERVICIOS PUBLICOS,SANEAMIENTO-AMBIENTAL,
,MEDELLIN,ANTIOQUIA,CARRERA 43 C 1 SUR 75 APTO 1,https://empresite.eleconomistaamerica.co/CONSTRUCCION-INGENIERIA-DISENO-SANEAMIENTO-SAS.html,CONSTRUCCION INGENIERIA DISENO Y SANEAMIENTO S A S,SANEAMIENTO-AMBIENTAL,
,MEDELLIN,ANTIOQUIA,CALLE 8 B 59 A 13,https://empresite.eleconomistaamerica.co/HIDRAULICA-SANEAMIENTO-SAS.html,HIDRAULICA Y SANEAMIENTO S A S,SANEAMIENTO-AMBIENTAL,
,COCORNA,ANTIOQUIA,CARRERA 25 22 A 15,https://empresite.eleconomistaamerica.co/ASOCIACION-AMBIENTALISTA-AMIGOS-AMBIENTALES.html,ASOCIACION AMBIENTALISTA AMIGOS AMBIENTALES,SANEAMIENTO-AMBIENTAL,
Actividades de arquitectura e ingenieria y otras actividades conexas de consultoria tecnica,RETIRO,ANTIOQUIA,CALLE 26 CR 19 146,https://empresite.eleconomistaamerica.co/SERVICIOS-TECNICOS-AMBIENTALES-LTDA.html,SERVICIOS TECNICOS AMBIENTALES LTDA,SANEAMIENTO-AMBIENTAL,(4)5410203
Actividades de zonas de camping y parques para vehiculos recreacionales,SAN RAFAEL,ANTIOQUIA,CALLE 26 CR 34 162,https://empresite.eleconomistaamerica.co/INDUSTRIA-AGROPECUARIA-TURISTICA-AMBIENTAL-LTDA.html,INDUSTRIA AGROPECUARIA TURISTICA Y AMBIENTAL LTDA,SANEAMIENTO-AMBIENTAL,(4)8586338
Tratamiento y disposicion de desechos no peligrosos,MEDELLIN,ANTIOQUIA,CALLE 48 80 32 OF 301,https://empresite.eleconomistaamerica.co/SOLUCIONES-ENERGETICAS-AMBIENTALES-SAS.html,SOLUCIONES ENERGETICAS AMBIENTALES S A S,SANEAMIENTO-AMBIENTAL,(4)2347900
Recuperacion de materiales,MEDELLIN,ANTIOQUIA,CALLE 21 65 31 INT 9902,https://empresite.eleconomistaamerica.co/COMERCIALIZADORA-INTERNACIONAL-SOLUCION-AMBIENTAL-SAS.html,COMERCIALIZADORA INTERNACIONAL SOLUCION AMBIENTAL S A S,SANEAMIENTO-AMBIENTAL,(4)2355554
,MEDELLIN,ANTIOQUIA,CARRERA 69 46 B 17,https://empresite.eleconomistaamerica.co/FUNDACION-COLECTIVO-AMBIENTAL-ANTIOQUIA.html,FUNDACION COLECTIVO AMBIENTAL DE ANTIOQUIA,SANEAMIENTO-AMBIENTAL,
,MEDELLIN,ANTIOQUIA,CARRERA 51 78 18,https://empresite.eleconomistaamerica.co/CORPORACION-AMBIENTAL-ECOLIFE.html,CORPORACION AMBIENTAL ECOLIFE EN LIQUIDACION,SANEAMIENTO-AMBIENTAL,
Comercio al por mayor de desperdicios desechos y chatarra,PEQUE,ANTIOQUIA,CARRERA BOLIVAR,https://empresite.eleconomistaamerica.co/ASOCIACION-RECICLADORES-SOLUCION-AMBIENTAL.html,ASOCIACION RECICLADORES SOLUCION AMBIENTAL EN LIQUIDACION,SANEAMIENTO-AMBIENTAL,
Recuperacion de materiales,MEDELLIN,ANTIOQUIA,CARRERA 51 C 81 62,https://empresite.eleconomistaamerica.co/PROYECTOS-SOLUCIONES-AMBIENTALES-SAS.html,PROYECTOS Y SOLUCIONES AMBIENTALES S A S,SANEAMIENTO-AMBIENTAL,(4)2511577
Actividades de arquitectura e ingenieria y otras actividades conexas de consultoria tecnica,MEDELLIN,ANTIOQUIA,CALLE 34 78 A 77,https://empresite.eleconomistaamerica.co/CONFORT-AMBIENTAL-EMPRESARIAL-SAS.html,CONFORT AMBIENTAL Y EMPRESARIAL S A S,SANEAMIENTO-AMBIENTAL,(4)5773486
Recuperacion de materiales,MEDELLIN,ANTIOQUIA,CALLE 75 64 A 56,https://empresite.eleconomistaamerica.co/SOLUCIONES-ECO-AMBIENTALES-SAS.html,SOLUCIONES ECO AMBIENTALES S A S,SANEAMIENTO-AMBIENTAL,(4)2573648
,MEDELLIN,ANTIOQUIA,CALLE 41 51 15 OF 248,https://empresite.eleconomistaamerica.co/CORPORACION-AMBIENTAL-CULTURAL-ANTROPHOECO.html,CORPORACION AMBIENTAL Y CULTURAL ANTROPHOECO EN LIQUIDACION,SANEAMIENTO-AMBIENTAL,
Comercio al por mayor de desperdicios desechos y chatarra,RETIRO,ANTIOQUIA,CALLE 21 CR 22 10,https://empresite.eleconomistaamerica.co/SOLUCIONES-INTEGRALES-LIMPIEZA-AMBIENTAL-SILASAS.html,SOLUCIONES INTEGRALES EN LIMPIEZA AMBIENTAL S I L A S A S,SANEAMIENTO-AMBIENTAL,(4)5411146
Construccion de edificios residenciales,MEDELLIN,ANTIOQUIA,CARRERA 66 D 32 B 10,https://empresite.eleconomistaamerica.co/CORPORACION-TECNICO-AMBIENTAL-SAS.html,CORPORACION TECNICO AMBIENTAL S A S,SANEAMIENTO-AMBIENTAL,(4)2358906
,MEDELLIN,ANTIOQUIA,CALLE 1 A 65 A 14,https://empresite.eleconomistaamerica.co/VCR-INGENIERIA-AMBIENTAL-SAS.html,VCR INGENIERIA AMBIENTAL S A S,SANEAMIENTO-AMBIENTAL,
,ITAGUI,ANTIOQUIA,CARRERA 45 A 66 A 182,https://empresite.eleconomistaamerica.co/INNOVACION-DESARROLLO-AMBIENTAL-SAS.html,INNOVACION Y DESARROLLO AMBIENTAL S A S,SANEAMIENTO-AMBIENTAL,
Captacion tratamiento y distribucion de agua,MARINILLA,ANTIOQUIA,TRANSVERSAL 28 E 44 51,https://empresite.eleconomistaamerica.co/SERVICIOS-INGENIERIA-SANITARIA-AMBIENTAL-SAS.html,SERVICIOS EN INGENIERIA SANITARIA Y AMBIENTAL S A S,SANEAMIENTO-AMBIENTAL,3206987693
Limpieza general interior de edificios,MEDELLIN,ANTIOQUIA,CARRERA 47 77 80,https://empresite.eleconomistaamerica.co/ARRENDAMIENTOS-AMBIENTAL-SAS.html,ARRENDAMIENTOS AMBIENTAL S A S,SANEAMIENTO-AMBIENTAL,3185218428
,RIONEGRO,ANTIOQUIA,CARRERA 54 CL 44 63,https://empresite.eleconomistaamerica.co/SOLAMB-SOLUCIONES-AMBIENTALES-SAS.html,SOLAMB SOLUCIONES AMBIENTALES S A S,SANEAMIENTO-AMBIENTAL,
,MEDELLIN,ANTIOQUIA,CARRERA 52 D 75 AA 250,https://empresite.eleconomistaamerica.co/SAN-SIMON-SERVICIOS-AGROPECUARIOS-AMBIENTALES-SAS.html,SAN SIMON SERVICIOS AGROPECUARIOS Y AMBIENTALES S A S,SANEAMIENTO-AMBIENTAL,
Publicidad,BELLO,ANTIOQUIA,CALLE 20 F 75 82,https://empresite.eleconomistaamerica.co/CORPORACION-DEPORTIVA-EMPRESARIAL-AMBIENTAL-SOCIAL.html,CORPORACION DEPORTIVA EMPRESARIAL AMBIENTAL Y SOCIAL,SANEAMIENTO-AMBIENTAL,(4)4642565
,MEDELLIN,ANTIOQUIA,CARRERA 32 6 SUR 295,https://empresite.eleconomistaamerica.co/PROMOTORA-ASESORIAS-AMBIENTALES-NACIONALES-INTERNACIONES-SAS.html,PROMOTORA DE ASESORIAS AMBIENTALES NACIONALES E INTERNACIONES S A S,SANEAMIENTO-AMBIENTAL,
,MEDELLIN,ANTIOQUIA,CORREGIDURIA SANTA ELENA KM 15,https://empresite.eleconomistaamerica.co/CORPORACION-AMBIENTAL-VIGIAS-INTEGRALES-AMBIENTE-CA-VIDA.html,CORPORACION AMBIENTAL VIGIAS INTEGRALES DEL AMBIENTE C A VIDA EN LIQUIDACION,SANEAMIENTO-AMBIENTAL,
,MEDELLIN,ANTIOQUIA,CALLE 70 F 95 104 T8 APART,https://empresite.eleconomistaamerica.co/CORPORACION-AMBIENTAL-VOLUNTARIADO-UNIVERSITARIO.html,CORPORACION AMBIENTAL VOLUNTARIADO UNIVERSITARIO,SANEAMIENTO-AMBIENTAL,
,MEDELLIN,ANTIOQUIA,CARRERA 49 52 61,https://empresite.eleconomistaamerica.co/CORPORACION-AMBIENTAL-AREA-METROPOLITANA.html,CORPORACION AMBIENTAL DEL AREA METROPOLITANA,SANEAMIENTO-AMBIENTAL,
,MEDELLIN,ANTIOQUIA,CARRERA 73 C 3 27,https://empresite.eleconomistaamerica.co/CENTRO-CIENCIA-SENSIBILIZACION-AMBIENTAL-SAS.html,CENTRO DE CIENCIA Y SENSIBILIZACION AMBIENTAL S A S,SANEAMIENTO-AMBIENTAL,